"","fa_id","f_number","cf_accuracy","audit_full","type_audit","farmtype","fa_gent","fa_princt","fa_part","audit_year","carbon_other","de_d","de_e","de_of","de_re","de_rh","total_de","ie_fert","ie_lime","ie_feed","ie_bed","ie_pest","ie_wp","ie_refloss","ie_dc","ie_tr","total_ie","total_co2eu","me_ferm","me_manm","total_me","no_fert","no_mants","no_manm","no_orgmants","crop_nres","total_no","wf_co2","seqfor","netmlandu","total_wf_co2","total_lu_co2","total_ha_co2","farm_output_kg","averagessizeofbusiness","sumsox","o_tot","outp_ns","o_tgs","i_totnew","fbi","i_feed","i_fee_ho","qoffeedhomeproducedtonnes","i_ole","i_fert","labourx","i_mach","i_machd","landbc","newxmisc","outputinputratio","outputinputlesssubsratio","averagesizeoffarmhectares","aoc","aop","aosr","aocc","aofc","agr","noe","nrc","ndc","fis_d_oc","o_tc","o_tl","o_miscnew","omcat12","bullzz","dcow","ocat12","ofcat2","heifrr","omcat2","ocatt1","reacow","caveal","hefdar","chikks","fdeer","goatzz","henszz","opoult","tchick","booars","sowgil","piglet20","stopig","horsey","o_live","ewehlow","lamlow","oshlow","ramlow","ewelow","ewehill","lamhil","oshhil","ramhil","ewehil","dsecxx613","dseczz612","cropxp","livexp","otherxp","ys_year","fa_esu","fs_size","fa_orgpc","fa_cnw","fa_netp","fa_tccv","fa_tcov","fa_mcv","fa_mov","fa_int","fa_labu","fa_acv","fa_aov","fa_miout","fa_miouq","fa_vcexp","fa_tfcex","fa_glu","fa_outpt","fa_cinc","fa_crev","fa_lrev","fa_ifeed","fa_ifuel","i_lbc_rr","i_gross_rent","i_labour","ft_ten","fa_fbus","fa_aaua","co2e_peradjha","nuts2","lfasubx","lfabase","lfasupp","nsub_bps","nsub_bes","nsub_dtup","nsub_ssbeef","nsub_susheep","srdp1","srdp2","lmo","agri_eg","aid_scp","esa_g","supp_ad","supp_fa","fws_g","other_g","supp_q","othersub","ar_pil2","arg","aarg","afwl","aowl","lab_hrs_reg","an_code","crop_year","farm_type","total_area","noutput_barley","noutput_wheat","noutput_osr","noutput_oats_mc","noutput_straw","noutput_wholecrop","noutput_silage","noutput_hay","noutput_peas","noutput_beans","noutput_kale_turnips","noutput_sugar_beet","noutput_potatoes","noutput_veg","noutput_fruit","noutput_cattle_meat","noutput_sheep_meat","noutput_pig_meat","noutput_poultry_meat","noutput_eggs","noutput_milk","noutput_wool","noutput_total","ninput_fert","ninput_liqn","ninput_cereals","ninput_wholecrop","ninput_straw","ninput_hay","ninput_silage_grass","ninput_silage_maize","ninput_high_energy_concs","ninput_low_energy_concs","ninput_medium_energy_concs","ninput_soybeans","ninput_soya_oilcake","ninput_potatoes_veg","ninput_rapecake","ninput_draff","ninput_beetpulp","ninput_milkpowder","ninput_peas","ninput_beans","ninput_atmos_n","ninput_seed_barley","ninput_seed_wheat","ninput_seed_osr","ninput_seed_oats","ninput_seed_wholecrop","ninput_seed_peas","ninput_seed_beans","ninput_seed_kale_turnips","ninput_seed_sugar_beet","ninput_seed_pots","ninput_bedding","ninput_fym","ninput_composted","ninput_mixed_slurry","ninput_solid_poultry","ninput_total","nue","farm_n_surplus","total_adjusted_hectare","rough_grazing","variable","organiccode","comment","totrev","lspec","cspec","gm","nm","opprof","rotc","vc_p","gm_p","fc_p","op_ha","vc_ha","gm_ha","nm_ha","fbi_ha","dc_glu","sd_dc","m_price","m_v_ha","m_q_ha","m_q_dc","sck_glu","ewe_glu","sd_glu","arable_ha","fodder_ha","grass_ha","rough_grazing_ha","fo_kg_ha","homefeed_per","feed_lu","ifeed_out","ifert_out","ifert_ha","inp_out","out_inp","ghg_CO2e","ghg_CO2e_ha","de_ghg","ie_ghg","me_ghg","no_ghg","ghg_ha","tde_ha","tie_ha","tch4_ha","tn20_ha","ghg_kgout","ghg_ha_kg","tde_ha_kg","tie_ha_kg","tch4_ha_kg","tn20_ha_kg","fuelelect","fuel_kg","ghg_p","tie_ha_p","tch4_ha_p","tn20_ha_p","ch4_n20_kg","ch4_n20_kg_ha","netem_ha","seq_ha","seq_emms_p","wood_aua_p","fwood_aua_p","lu_ha","slr_ha","eff_area","nue_p","nue_p_ha","nsurplus_p_ha","noutput_p_ha","ninput_p_ha","n_inp_fert_p_ha","n_milk","n_sheep","n_cattle","n_wholecrop","type","s_ghgha","s_kgha","cluster","Cluster"
"1",129112020,12911,"Average",2,0,"Dairy","4 - Specialist grazing livestock","45 - Specialist dairying","450 - Specialist dairying",".","0",120219,15042,13866,0,0,149127,173376,0,304560,0,128,0,0,4589,0,482653,631780,1198615,276469,1475084,0,120769,0,332474,37353,490596,2597460,0,2597460,1.4,6631,6130,1849892,8.7126,628924.49,767650,620608,147042,750391,-2681,227690,31665,246,79414,32536,61845,84655,81175,95721,59658,0.99664,0.81228,438.38,46,0,0,0,0,372.75,17,0,247,309.5,42855,575329,2424,0.5,3,247,105,0,0,0,193,0,0,8,0,0,0,0,0,0,0,0,0,0,0,0,0,0,0,0,0,10,0,0,0,17,".","27264",60233,307104,383054,2020,209.28,9,1,3444989,78016,391080,357660,394717,315057,16006,3.23,4000107,3932733,503311,18192,367337,362895,386.45,767650,107562,0,77308,227690,24293,14065,11760,61845,4,4,423.75,6129.7,"UKM6",31528,31528,0,99568,0,0,3560,0,0,0,0,0,0,0,0,0,0,0,0,0,12386,19.63,5,0,0,8450,"NNKG",2019,"Dairy",418.75,"4,352.00","0.00","0.00","0.00",0,0,0,"0.00",0,"0.00","0.00",0,"0.00",0,0,874.44,0,0,0,"0.00",8550.24,0,13776.68,19800,0,"896.50",0,"0.00",0,"0.00",0,"0.00","0.00","11,321.81","620.40",0,"0.00","0.00","6,800.00","0.00",0,0,"0.00","1,256.25","160.31",0,0,0,0,0,0,0,0,"0.00",0,0,0,0,0,40855.27,0.3372,64.67,423.75,19.63,"Total_N_kg",1,"",77308,1,0,400313,37418,70727,0.106980118120224,0.478521461603595,0.521478538396405,0.472734970364098,166.907374631268,866.87197640118,944.691445427729,88.3020648967552,-6.32684365781711,0.639151248544443,0.582890855457227,27.6666116974494,1187.75457227139,42.9309734513274,73.6518218623482,0,0.0439901669038685,0.911976401179941,0.108554572271386,0,0.879646017699115,0.0463244837758112,4365.52684365782,0.139070666256753,589.183594255402,0.296606526411776,0.0423838989122647,76.7811209439528,0.977517097635641,1.02300000932847,2597460,6129.69911504425,0.0574126261809614,0.185817298437705,0.567894789525151,0.188875285856183,6129.69911504425,351.922123893805,1139.00412979351,3481.02418879056,1157.74867256637,1.4041144023543,0.00331354431234053,0.000190239280938458,0.000615713852372739,0.00188174454983889,0.000625846629190446,149127,0.0806138952976714,0.0574126261809614,0.185817298437705,0.567894789525151,0.188875285856183,1965680,4638.77286135693,6129.69911504425,0,0,0,0,0.911976401179941,0.0205607079646018,1,33.72,0.0795752212389381,15.2613569321534,3251.13392330383,9641.3616519174,4672.56637168142,0.620631385791061,0,0.0634724766779805,0,"Dairy",-2.35038920662493,-2.04612320594956,2,"2"
"2",130152020,13015,"Average",2,0,"Dairy","4 - Specialist grazing livestock","45 - Specialist dairying","450 - Specialist dairying",".","0",38085,3497,2034,0,0,43616,70157,1372,117174,1959,0,0,0,1084,0,191746,235361,477944,101396,579339,0,50942,0,159597,10276,220815,1035516,74052,961464,1.7,5595,9687,608288,3.6395,253431.41,214657,202890,11767,181915,32742,34310,0,0,12993,12582,22584,44506,14636,28623,8917,1.17999,1.1153,108.4,0,0,0,0,0,105.4,0,0,110,144.5,15998,178380,8512,23,3,110,32.5,0,0,0,69,0,0,17,0,0,0,0,0,0,0,0,0,0,0,0,0,0,0,0,0,0,0,0,0,0,".",".",15346,47303,119266,2020,84.43,8,1,1332824,47361,247979,220905,65381,73881,0,2,1343170,1361304,136782,5551,63623,157309,183.46,214657,27733,1891,30032,34310,9716,5740,3840,22584,4,2,106.9,9686.77,"UKM9",0,0,0,11767,0,0,0,0,0,0,0,0,0,0,0,0,0,0,0,0,0,3,1.5,0,6.8,5610,"NNKG",2019,"Dairy",112.2,"0.00","0.00","0.00","0.00",0,0,0,"0.00",0,"0.00","0.00",0,"0.00",0,0,425.53,0,0,0,"0.00",2609.06,0,3034.59,8890.8,0,"0.00",0,"43.20",0,"0.00",0,"0.00","0.00","4,903.63","0.00",0,"0.00","0.00","0.00","0.00",140.75,0,"0.00","673.20","0.00",0,0,0,0,0,0,0,0,"0.00",0.01,0,0,0,0,14651.59,0.2071,103.54,106.9,3,"Total_N_kg",1,"",31923,0.940763712683645,0.059236287316355,151034,-6275,13785,0.155755361377038,0.296393781707561,0.703606218292439,0.732838901130641,128.952291861553,595.163704396632,1412.85313376988,-58.6997193638915,306.286248830683,0.599585740760929,1.0289990645463,24.6409655917853,1279.53227315248,51.9270346117867,50.4636363636364,0,0,1.71618334892423,0,0,0.985968194574369,0.0280636108512629,5690.25257249766,0,187.016243322795,0.159836390148004,0.0586144407123923,117.698783910196,0.847468286615391,1.17998515790342,1035516,9686.7726847521,0.0421200638135963,0.185169519350739,0.559468902460223,0.213241514375442,9686.7726847521,408.00748362956,1793.69504209542,5419.44808231992,2065.6220767072,1.70234494186964,0.0159246486610818,0.000670747217813865,0.0029487595384019,0.00890934570848007,0.00339579619638593,43616,0.0717028775843022,0.0421200638135963,0.185169519350739,0.559468902460223,0.213241514375442,800154,7485.07015902713,8994.05051449953,692.722170252572,0.0715121736409674,0.059806508355321,0,1.71618334892423,0.0340458372310571,0.940193491644679,20.71,0.193732460243218,96.8568755846586,2838.71842843779,13705.8840037418,8316.93171188026,0.859773478460022,0,0.140226521539977,0,"Dairy",-1.68581060712379,-1.69487116357196,2,"2"
"3",130452020,13045,"Average",2,0,"Dairy","4 - Specialist grazing livestock","45 - Specialist dairying","450 - Specialist dairying",".","0",130186,55633,10017,0,0,195836,233745,48670,590714,6047,85,0,0,5558,0,884819,1080655,1321614,306485,1628099,0,186250,0,361329,57445,605024,3313778,120879,3192899,1.42,8413,18638,2327260,7.7326,545852.55,817631,785965,31666,763388,66132,289228,41370,287,78656,39734,48802,95507,52857,113622,21273,1.08583,1.04473,177.8,30.4,0,0,0,17.8,129.6,0,0,226.5,320.6,44260,737329,4376,50,1.5,226.5,51.8,14,0,9.3,160,0,0,34,0,0,0,0,0,0,0,0,0,0,0,1,0,0,0,0,0,0,0,0,0,0,"7126",".",63443,367884,332061,2020,191.36,9,1,3115898,134819,543052,522109,245393,202710,8809,3.52,3535525,3527414,575321,21718,435107,332380,389.89,817631,87423,3400,145047,289228,34353,16886,12783,48802,4,2,177.8,18637.67,"UKM9",0,0,0,31666,0,0,0,0,0,0,0,0,0,0,0,0,0,0,0,0,0,0,0,0,11.1,8798,"NNKG",2019,"Dairy",188.9,"1,768.00","3,910.40","0.00","0.00",0,0,0,"0.00",0,"0.00","0.00",0,"0.00",0,0,1500.23,0,0,0,"0.00",10207.32,0,17385.95,32442,0,"562.35",0,"147.10",0,"0.00",393.9,"991.80","1,207.44","32,518.49","0.00",0,"60.69","1,291.66","0.00","591.84",416.62,0,"0.00","1,133.40","39.73",88.92,0,0,68.2,0,0,0,0,"0.00",0,0,0,0,0,71954.14,0.2416,288.87,177.8,0,"Total_N_kg",1,"",148447,0.977096202685133,0.0229037973148666,382524,50144,99613,0.178183053320505,0.532155703489716,0.467844296510284,0.40651589775828,560.25309336333,2447.17097862767,2151.42857142857,282.024746906637,371.946006749156,0.580933083690272,1.27390326209224,26.4905147803665,3235.77615298088,122.14848143982,95.8852097130243,0,0,2.19285714285714,0.170978627671541,0.100112485939258,0.728908886389201,0,13089.2013498313,0.143035943961166,741.81948754777,0.353739033867356,0.0485964940174724,223.47581552306,0.933658337318424,1.07105560999125,3313778,18637.6715410574,0.0590975014017234,0.267012153499721,0.491312031162015,0.18257831393654,18637.6715410574,1101.4398200225,4976.4848143982,9156.91226096738,3402.83464566929,1.42389677131047,0.00800841828633559,0.000473277510902304,0.00213834501276102,0.00393463225465456,0.00146216350801771,195836,0.0841487414384297,0.0590975014017234,0.267012153499721,0.491312031162015,0.18257831393654,2233123,12559.7469066367,17957.8121484814,679.859392575928,0.0364777000752615,0.0587612493382742,0,2.19285714285714,0.0434904386951631,0.941238750661726,24.16,0.135883014623172,162.469066366704,9778.37457817773,40469.1451068616,18246.3442069741,0.587101653921701,0,0.0862897914695487,0,"Dairy",-0.0134876400482751,0.266965775883955,3,"3"
"4",130492020,13049,"Above Average",2,0,"Dairy","4 - Specialist grazing livestock","45 - Specialist dairying","450 - Specialist dairying",".","0",100194,36913,5548,0,0,142655,175344,17104,779854,29292,0,0,0,2626,0,1004218,1146873,985390,198243,1183633,0,144986,0,315012,89527,549525,2880031,4356,2875675,1.53,10604,23320,1870371,5.7463,398066.06,581071,552670,28402,560707,18040,222904,0,0,50809,23994,46288,89402,29694,50694,39865,1.03149,0.98191,131.4,0,0,0,0,10.5,109,0,0,201,153.83,10481,540190,1999,1.08,1,201,27.25,0,0,0,104.5,0,0,20,0,0,0,0,0,0,0,0,0,0,0,0,0,0,0,0,0,0,0,0,0,0,".",".",31051,273713,255943,2020,146.09,9,1,1846511,53888,398931,377341,135431,103175,17349,1.65,2457898,2414422,488364,17719,335410,235579,270.23,581071,27966,4671,41876,222904,23075,1549,0,46262,1,2,123.5,23320.09,"UKM9",0,0,0,28402,0,0,0,0,0,0,0,0,0,0,0,0,0,0,0,0,0,11.9,4,0,0.4,3950,"NNKG",2019,"Dairy",119.9,"0.00","0.00","0.00","0.00",0,0,0,"0.00",0,"0.00","0.00",0,"0.00",0,0,765.08,0,0,0,"0.00",8327.88,0,9092.96,23850,0,"0.00",0,"588.60",0,"0.00",0,"7,918.22","0.00","20,479.13","0.00",0,"0.00","0.00","0.00","332.93",485.31,0,"0.00","719.40","0.00",0,0,0,40.23,0,0,0,0,"0.00",0.32,0,0,0,0,54414.14,0.1671,377.99,123.5,11.9,"Total_N_kg",1,"",46547,0.899649816314693,0.100350183685307,245661,10082,67999,0.106196015678732,0.577227223523459,0.422772776476541,0.405422056857079,550.599190283401,2715.87044534413,1989.15789473684,81.6356275303644,146.072874493927,0.743810827813344,1.62753036437247,27.5616005417913,3954.36437246964,143.473684210526,88.1542288557214,0,0,2.1880971659919,0,0.0850202429149798,0.882591093117409,0.0963562753036437,15144.7044534413,0,824.867705288088,0.383608887726285,0.0412927163806144,194.283400809717,0.964954368743234,1.03631843369175,2880031,23320.0890688259,0.0495324529492912,0.348683052369922,0.4109792568205,0.190805237860287,23320.0890688259,1155.1012145749,8131.31983805668,9584.07287449393,4449.59514170041,1.53981803610086,0.0124681622356345,0.000617578659300694,0.00434743686576443,0.00512415604951848,0.00237899066105089,142655,0.0762709644236357,0.0495324529492912,0.348683052369922,0.4109792568205,0.190805237860287,1733158,14033.6680161943,23284.8178137652,35.2712550607287,0.00151248371979329,0.00322841000807102,0,2.1880971659919,0.0465287449392713,0.996771589991929,16.71,0.135303643724696,306.064777327935,7362.72064777328,44060.032388664,19311.7408906883,0.915860181942954,0,0.0841398180570463,0,"Dairy",0.86134230707019,0.811983999308076,1,"1"
"5",130662020,13066,"All Estimated",2,0,"Dairy","4 - Specialist grazing livestock","45 - Specialist dairying","450 - Specialist dairying",".","0",106181,42905,13625,0,0,162711,164535,0,771101,25636,0,0,0,2625,0,963897,1126608,1111456,153963,1265419,0,125367,0,379126,7586,512079,2904105,557568,2346537,1.37,9360,19258,2111248,6.66,402218.45,630552,586461,44091,643246,-2727,216682,0,0,72283,31379,82384,91400,38498,53036,54320,0.99584,0.9285,187,0,0,0,0,0,141.5,194,0,189.5,219.9,7452,568381,10628,11.2,0.5,189.5,44.2,0,0,0,157.5,0,0,6.5,0,0,0,0,0,0,0,0,0,0,0,2,0,0,0,0,0,47,136,1.4,11.5,194,".","15507",34643,288965,319638,2020,148.3,9,1,2422910,22520,429831,404928,169586,144720,22097,4.3,3272152,3137219,463986,17116,326935,323006,311.1,630552,15989,11452,139445,216682,35263,10046,8520,82332,4,2,150.8,19257.99,"UKM9",1890,1890,0,39001,0,0,0,0,0,0,0,0,0,0,0,0,0,0,0,0,3200,45.5,9.3,44.5,6.7,9770,"NNKG",2019,"Dairy",192.7,"0.00","0.00","0.00","0.00",0,0,0,"0.00",0,"0.00","0.00",0,"0.00",0,0,1216.54,116.36,0,0,"0.00",8044.71,0.99,12241.61,27991,0,"0.00",0,"475.20",427.2,"0.00",0,"0.00","0.00","32,710.77","0.00",0,"0.00","0.00","0.00","813.60",225.2,0,"0.00","1,156.20","0.00",0,0,0,0,0,0,0,0,"0.00",0.38,0,0,0,0,63799.55,0.1919,267.56,150.8,45.5,"Total_N_kg",1,"",150897,0.924107172442129,0.0758928275578706,303617,-19389,6469,0.0391970863267091,0.518490148314493,0.481509851685507,0.512259099963207,42.8978779840849,2168.00397877984,2013.37533156499,-128.574270557029,-18.0835543766578,0.609128897460624,1.25663129973475,27.1083197008647,3076.83023872679,113.501326259947,90.3218997361478,0,0.623593699774992,2.06299734748011,0,0,0.938328912466843,0.301724137931034,14000.3183023873,0,696.502732240437,0.343638589680153,0.0497643334728936,208.083554376658,1.0201315672617,0.980265714827609,2904106,19257.9973474801,0.0560279135816668,0.331908339433891,0.435734439445392,0.17632930753905,19257.9973474801,1078.98541114058,6391.8899204244,8391.37267904509,3395.74933687003,1.37553996498753,0.00912161780495712,0.00051106521410113,0.00302754101859393,0.0039746030210781,0.00160840855118396,162711,0.0770686342864505,0.0560279135816668,0.331908339433891,0.435734439445392,0.17632930753905,1777498,11787.1220159151,15560.5901856764,3697.40053050398,0.191992991991339,0.253465346534653,0.22029702970297,2.06299734748011,0.0441644562334217,0.746534653465347,19.19,0.127254641909814,177.427055702918,8117.77851458886,42307.3938992042,18561.6710875332,0.657161108710374,0.00950528566095473,0.0993774511685963,0,"Dairy",0.102409669239229,0.508549134207056,3,"3"
"6",130742020,13074,"Average",1,5,"Dairy","4 - Specialist grazing livestock","45 - Specialist dairying","450 - Specialist dairying","31/03/2019",".",219016,96276,13746,0,0,329039,313210,138078,1848951,3672,40,0,0,18302,0,2322253,2651291,2335068,662480,2997548,0,243260,0,641155,74903,959318,6608158,22869,6585289,1.22,10451,14165,5414582,14.3037,1089669.48,1491538,1446672,44866,1390192,110507,546697,11440,88,126679,35652,173016,229495,35662,155778,81139,1.07947,1.0472,466.5,14.2,0,0,0,0,452.3,0,0,535.5,198.2,16693,1427307,2672,0,0,535.5,47,0,0,0,119,0,0,32.2,0,0,0,0,0,0,0,0,0,0,0,0,0,0,0,0,0,0,0,0,0,0,".",".",41726,673376,675090,2020,380.43,10,1,4889570,176434,956864,1103336,164414,196390,35697,7.04,6225168,6440301,1441360,46667,743616,675168,629.92,1491279,277806,9205,75612,546697,68400,76158,74096,172964,4,2,466.5,14165.4,"UKM9",0,0,0,44866,0,0,0,0,0,0,0,0,0,0,0,0,0,0,0,0,0,0,0,0,2.1,16380,"NNKG",2019,"Dairy",468.6,"1,496.00","0.00","0.00","0.00",0,0,0,"0.00",0,"0.00","0.00",0,"0.00",0,0,1767.33,0,0,0,"0.00",21933.63,0,29109.09,40062,0,"0.00",0,"89.32",0,"0.00",0,"52,673.98","5,881.88","17,410.74","0.00",0,"0.00","16,671.29","1,304.99","0.00",281.5,0,"0.00","2,811.60","49.49",0,0,0,0,0,0,0,0,"0.00",0,0,0,0,0,137236.79,0.2121,230.75,466.5,0,"Total_N_kg",1,"",84817,0.891472228444769,0.108527771555231,747663,72495,247991,0.145752753816185,0.498643111047631,0.501356888952369,0.452744255099146,531.599142550911,1594.03215434084,1602.70739549839,155.40192926045,236.885316184352,0.8501079502159,1.14790996784566,30.886065099535,3089.7320471597,100.036441586281,87.1465919701214,0,0,1.35031082529475,0.0304394426580922,0,0.969560557341908,0,11606.8210075027,0.0209256681489015,867.883223266447,0.366596056137047,0.0239069952705027,76.4244372990354,0.932214562130896,1.07271441642593,6608158,14165.397642015,0.0497928469627996,0.351422136092993,0.453613245930258,0.14517177101395,14165.397642015,705.335476956056,4978.03429796356,6425.61200428725,2056.41586280815,1.22043733015771,0.00261615719219231,0.000130265914701459,0.000919375548835267,0.00118672355581414,0.000379792172841439,329038,0.0607688645217673,0.0497928469627996,0.351422136092993,0.453613245930258,0.14517177101395,3956866,8482.02786709539,14116.3751339764,49.0225080385852,0.00346072233745016,0.00448143405889885,0,1.35031082529475,0.0306617363344051,0.995518565941101,21.21,0.0454662379421222,49.4640943193998,6239.89067524116,29418.3901393355,8587.78135048232,0.75349761878506,0,0.0607140243820745,0,"Dairy",-0.849055830068924,-0.126088508099286,3,"3"
"7",132012020,13201,"Average",2,0,"Dairy","4 - Specialist grazing livestock","45 - Specialist dairying","450 - Specialist dairying",".","0",53224,27689,21676,0,0,102589,252863,0,467226,9990,0,0,0,3091,0,733170,835759,937814,254568,1192383,0,190787,0,267159,18429,476376,2504517,131769,2372748,1.74,7856,15752,1437673,6.0679,413511.97,468206,433181,35025,380383,87823,113467,0,0,28653,34467,640,60673,33225,63960,43723,1.23088,1.1388,159,0,0,0,0,0,159,0,0,185,252.3,2157,425682,5342,1.5,2,185,56,43.3,0,0,128.5,0,0,21,0,0,0,0,0,0,0,0,0,0,0,0,0,0,0,0,0,0,0,0,0,0,".",".",36042,142120,202221,2020,141.75,9,1,1459821,122640,304919,311546,141656,110337,18026,2,2096893,2093161,370254,13590,178802,235305,311.67,468206,115982,1820,46588,113467,19913,19096,16800,640,4,2,159,15751.68,"UKM9",0,0,0,35025,0,0,0,0,0,0,0,0,0,0,0,0,0,0,0,0,0,0,0,0,12.1,5100,"NNKG",2019,"Dairy",171.1,"0.00","0.00","0.00","0.00",0,0,0,"0.00",0,"0.00","0.00",0,"0.00",0,0,965.57,0,0,0,"0.00",6387.39,0,7352.96,33660,0,"0.00",0,"243.00",0,"0.00",0,"0.00","0.00","17,999.00","0.00",0,"0.00","0.00","0.00","0.00",900.8,0,"0.00","1,026.60","0.00",0,0,0,0,0,0,0,0,"0.00",0,0,0,0,0,53829.4,0.1366,271.63,159,0,"Total_N_kg",1,"",48408,0.962402908610147,0.0375970913898529,289404,54099,98106,0.282431620181978,0.381887459793339,0.618112540206661,0.502567246041272,617.018867924528,1124.54088050314,1820.15094339623,340.245283018868,552.345911949686,0.59357653928835,1.16352201257862,27.244591611479,2328.64150943396,85.4716981132076,73.4594594594595,0,0,1.96018867924528,0,0,1,0,9041.96855345912,0,364.061346937466,0.242344181834492,0.0736150326992819,216.77358490566,0.812426581462006,1.23088045469961,2504518,15751.6855345912,0.040961574243028,0.292738962147607,0.476092805082655,0.190206658526711,15751.6855345912,645.213836477987,4611.1320754717,7499.2641509434,2996.07547169811,1.74206373772061,0.0109563757089346,0.000448790397036035,0.00320735805393278,0.00521625164480615,0.00208397561315968,102589,0.0713576731287296,0.040961574243028,0.292738962147607,0.476092805082655,0.190206658526711,1668759,10495.3396226415,14922.9433962264,828.735849056604,0.0526125186562844,0.070718877849211,0,1.96018867924528,0.038162893081761,0.929281122150789,13.66,0.0859119496855346,170.836477987421,4624.50314465409,33854.9685534591,21169.8113207547,0.868682816171991,0,0.131317183828009,0,"Dairy",-0.552684960758936,-0.806161102196924,3,"3"
"8",132152020,13215,"Above Average",2,0,"Dairy","4 - Specialist grazing livestock","45 - Specialist dairying","450 - Specialist dairying",".","0",59664,29886,4732,0,0,94282,117161,4681,551756,30213,0,0,0,1170,0,704981,799264,655814,182130,837944,0,95182,0,157377,17201,269760,1906968,30492,1876476,1.55,9563,26821,1228503,4.0084,260458.17,428857,412596,16261,375884,50080,182288,0,0,35695,16305,0,53110,11519,55248,15216,1.12781,1.08631,72.6,0,0,0,0,4.9,65.7,0,0,126.5,158.92,9327,400314,2955,11.92,2.5,126.5,23.5,0,0,0.2,105.5,0,0,15.3,0,0,0,0,0,0,0,0,0,0,0,1,0,0,0,0,0,0,0,0,0,0,"9100",".",22808,217983,135093,2020,96.66,8,1,1675634,101536,317829,307830,50253,52478,7320,2.36,1833975,1834781,311476,11793,240791,194062,198.24,428857,35654,1606,81478,182288,16591,1532,0,0,1,2,71.1,26820.93,"UKM9",0,0,0,16261,0,0,0,0,0,0,0,0,0,0,0,0,0,0,0,0,0,2,0.5,0,2.8,7250,"NNKG",2019,"Dairy",73.4,"0.00","0.00","0.00","0.00",0,0,0,"0.00",0,"0.00","0.00",0,"0.00",0,0,962.77,0,0,0,"0.00",5542.66,0,6505.43,16224,0,"1,377.84",0,"675.00",0,"155.55",0,"208.80","0.00","22,288.03","0.00",0,"0.00","0.00","470.56","0.00",0,0,"0.00","440.40","0.00",0,0,0,18.77,0,0,0,0,"0.00",0.15,0,0,0,0,41859.1,0.1554,481.66,71.1,2,"Total_N_kg",1,"",83084,0.980670165134081,0.0193298348659188,188066,-5996,38056,0.278795700105713,0.561471539464204,0.438528460535796,0.452509810962629,535.246132208158,3386.65260196906,2645.09142053446,-84.3319268635724,704.36005625879,0.638115415657789,1.77918424753868,26.4119392860171,4380.81575246132,165.864978902954,93.2252964426877,0,0,2.78818565400844,0,0.0689170182841069,0.924050632911393,0.0281293952180028,17278.5232067511,0,919.53188054883,0.425055438059773,0.0380196662290694,229.324894514768,0.876478639733058,1.14092911642954,1906967,26820.9142053446,0.0494408136061085,0.369687047547231,0.43941190382424,0.14146023502242,26820.9142053446,1326.04781997187,9915.34458509142,11785.4289732771,3794.09282700422,1.55226889962825,0.0218321926811286,0.00107940136896033,0.00807107885376871,0.00959332535067238,0.00308838710772723,94282,0.0767454373330794,0.0494408136061085,0.369687047547231,0.43941190382424,0.14146023502242,1107704,15579.5218002813,26392.0675105485,428.860759493671,0.0159897890209951,0.0378890392422192,0,2.78818565400844,0.0563769338959212,0.962110960757781,15.54,0.218565400843882,677.440225035162,9149.6905766526,58873.5583684951,22818.5654008439,0.852005171064787,0,0.147994828935213,0,"Dairy",1.51541184505758,1.37776767727746,1,"1"
"9",132352020,13235,"Average",2,0,"Dairy","4 - Specialist grazing livestock","45 - Specialist dairying","450 - Specialist dairying",".","0",89099,19394,4089,0,0,112582,161787,0,296277,1220,58,0,0,1603,0,460944,573526,827046,221775,1048821,0,126752,0,236573,20107,383432,2005779,0,2005779,1.67,7247,14451,1200014,5.5805,379027.2,526612,490694,35918,426297,121867,119702,20249,117.3,44662,23435,32351,66221,66977,41282,18046,1.27242,1.19213,141.8,20.6,0,0,0,10.5,106.9,0,0,165,230.8,19271,389050,82373,18.5,1,165,50.8,0.5,0,0.5,135.5,0,0,24,0,0,0,0,0,0,0,0,0,0,0,1,0,0,0,0,0,0,0,0,0,0,".","37568",37056,164364,224877,2020,136.97,9,1,2151721,129847,344022,341091,305248,325846,7970,3.86,2355615,2422129,307658,11147,201770,280521,274.17,526612,181762,4022,75752,119702,21990,2946,0,32351,1,2,138.8,14450.86,"UKM6",5918,5918,0,30000,0,0,0,0,0,0,0,0,0,0,0,0,0,0,0,0,0,3.8,0.8,0,0,8590,"NNKG",2019,"Dairy",138,"1,994.10","0.00","0.00","0.00",0,0,0,"0.00",0,"0.00","0.00",0,"0.00",0,0,888.65,0,0,0,"0.00",5238.95,0,8162.2,20781,0,"513.45",0,"0.00",0,"0.00",0,"0.00","0.00","11,950.46","0.00",0,"0.00","0.00","0.00","0.00",135.12,0,"0.00","414.00","71.79",0,0,0,40.23,0,0,0,0,"0.00",0.08,0,0,0,0,33906.13,0.2407,186.55,138.8,3.8,"Total_N_kg",1,"",79774,0.949582570762404,0.0504174292375962,324842,44321,54368,0.197304831230954,0.383147364663168,0.616852635336832,0.532690102010588,391.700288184438,1453.67435158501,2340.36023054755,319.315561959654,878.004322766571,0.601816391290075,1.18876080691643,27.6000717681888,2216.55619596542,80.3097982708934,67.5575757575758,0,0,1.97528818443804,0.148414985590778,0.0756484149855908,0.770172910662824,0.0273775216138329,8645.63400576369,0.169161751683347,436.597731334573,0.227305872255095,0.0445014545813616,168.840057636888,0.809508708498857,1.23531716150946,2005779,14450.8573487032,0.0561288157867841,0.229807969871058,0.522899581658797,0.191163632683361,14450.8573487032,811.109510086455,3320.92219020173,7556.34726224784,2762.47838616715,1.67146299959834,0.0120422406311119,0.000675916706043809,0.0027674028721346,0.006296882588243,0.00230203846469053,112582,0.0938172387988807,0.0561288157867841,0.229807969871058,0.522899581658797,0.191163632683361,1432253,10318.825648415,14450.8573487032,0,0,0,0,1.97528818443804,0.0402053314121037,1,24.07,0.173414985590778,134.402017291066,5880.54755043228,24428.0475504323,14971.9020172911,0.641855137095391,0,0.108873833035211,0,"Dairy",-0.795722546860951,-0.911249511300853,2,"2"
"10",132732020,13273,"Above Average",2,0,"Dairy","4 - Specialist grazing livestock","45 - Specialist dairying","450 - Specialist dairying",".","0",49087,25669,6688,0,0,81444,116877,45467,597855,12986,0,0,0,1535,0,774719,856163,746250,159316,905565,0,94450,0,204809,20013,319273,2081002,125235,1955767,1.41,9274,23920,1468710,4.6263,307060.07,484680,466175,18505,486105,-260,190044,0,0,47946,19139,29459,43970,19213,84134,42589,0.99948,0.96223,87,0,0,0,0,9.7,77.3,0,0,154,156,5006,456793,4376,0,1,154,26,0,0,0,109.5,0,0,19.5,0,0,0,0,0,0,0,0,0,0,0,0,0,0,0,0,0,0,0,0,0,0,"11844",".",28750,237990,219365,2020,114.65,9,1,1655526,67113,294371,257876,95732,76337,21770,3.31,2284323,2274801,338677,13587,266740,219867,223.08,484680,-18470,3176,78616,190044,17769,2968,0,22581,1,2,87,23919.56,"UKM9",0,0,0,18105,0,0,400,0,0,0,0,0,0,0,0,0,0,0,0,0,0,0,0,0,11.5,8800,"NNKG",2019,"Dairy",98.5,"0.00","0.00","0.00","0.00",0,0,0,"0.00",0,"0.00","0.00",0,"0.00",0,0,884.15,0,0,0,"0.00",6385.7,0,7269.85,17532,0,"0.00",0,"286.20",0,"1,470.50",0,"0.00","0.00","23,881.60","0.00",0,"417.90","0.00","0.00","273.60",410.99,0,"0.00","591.00","0.00",0,0,0,37.17,0,0,0,0,"0.00",0.08,0,0,0,0,44901.04,0.1619,382.04,87,0,"Total_N_kg",1,"",81792,0.961169796557121,0.0388302034428795,217940,-1927,12164,0.185314144655095,0.550342494016671,0.449657505983329,0.453633325080465,139.816091954023,3065.97701149425,2505.05747126437,-22.1494252873563,-2.98850574712644,0.690335305719921,1.77011494252874,24.9265474350482,3892.83908045977,156.172413793103,88.2272727272727,0,0,2.56413793103448,0,0.111494252873563,0.888505747126437,0,16881.724137931,0,851.909628832706,0.392102005446893,0.0394879095485681,219.988505747126,1.00294008417925,0.997068534575863,2081001,23919.5517241379,0.0391369345810021,0.372281897029362,0.435158368496699,0.153422799892936,23919.5517241379,936.137931034483,8904.81609195402,10408.7931034483,3669.80459770115,1.41689033233246,0.0162860957739363,0.000637387864884479,0.00606301862992287,0.0070870308661671,0.00249865841296182,81444,0.0554527442449496,0.0391369345810021,0.372281897029362,0.435158368496699,0.153422799892936,1224838,14078.5977011494,22480.0804597701,1439.48275862069,0.060180172907173,0.116751269035533,0,2.56413793103448,0.0531758620689655,0.883248730964467,16.19,0.186091954022989,439.126436781609,8356.14942528736,51610.3908045977,20151.724137931,0.878381259585824,0,0.121618740414176,0,"Dairy",0.973341691989637,1.2725561000413,1,"1"
"11",133302020,13330,"Above Average",2,0,"Dairy","4 - Specialist grazing livestock","45 - Specialist dairying","450 - Specialist dairying",".","0",116473,76419,17796,0,0,210688,341868,32984,931863,31122,0,0,0,6491,0,1344328,1555016,1924327,361685,2286012,0,272597,0,653220,41152,966968,4807996,0,4807996,1.85,7265,16918,2595754,12.7979,862068.54,891258,828954,62304,741147,150111,252743,0,0,76755,43320,90865,85434,72478,82206,28184,1.20254,1.11847,336.8,0,0,0,0,4,262.6,0,0,388.5,553,10633,806561,11760,87,2,388.5,137,0,0,0,294,0,0,33,0,0,0,0,0,0,0,0,0,0,0,1,0,0,0,0,0,0,0,0,0,0,".",".",52482,329498,359167,2020,301.83,10,1,5009042,208329,855148,840076,312847,249920,1250,6.02,5172767,5114343,648763,24321,388507,441688,654.91,891258,216573,2708,157628,252743,46817,11506,5492,81459,4,2,284.2,16917.65,"UKM9",1001,1001,0,61303,0,0,0,0,0,0,0,0,0,0,0,0,0,0,0,0,0,70.2,17.6,0,0,12710,"NNKG",2019,"Dairy",266.6,"0.00","0.00","0.00","0.00",0,0,0,"0.00",0,"0.00","0.00",0,"0.00",0,0,1930.71,0,0,0,"0.00",11430.73,0,13361.44,44692.2,0,"0.00",0,"757.03",0,"195.50",0,"0.00","0.00","40,495.56","0.00",0,"0.00","0.00","1,410.86","0.00",0,0,"0.00","1,599.60","0.00",0,0,0,15.33,0,0,0,0,"0.00",0,0,0,0,0,89166.08,0.1498,284.34,284.2,70.2,"Total_N_kg",1,"",160336,0.983110468017164,0.016889531982836,502751,61063,115930,0.184525979067233,0.435908569684648,0.564091430315352,0.495578160308238,407.916959887403,1367.0197044335,1769.00422237861,214.859254046446,528.187895847994,0.593211280939366,1.36699507389163,26.6750133629374,2282.76917663617,85.5770584095707,62.6023166023166,0,0,2.30439831104856,0,0.0140745953553835,0.923997185080929,0.247009148486981,9133.54679802956,0,385.920202775954,0.283580063236459,0.0486054543128926,152.427867698804,0.831574022336966,1.2025387676129,4807996,16917.6495425757,0.0438203359570183,0.279602562065359,0.475460462113529,0.201116639864093,16917.6495425757,741.337086558761,4730.21815622801,8043.67346938776,3402.42083040113,1.85225410420248,0.00651743175299957,0.00028559604899338,0.00182229061622481,0.00309878111307457,0.00131076397470682,210688,0.0811663971239185,0.0438203359570183,0.279602562065359,0.475460462113529,0.201116639864093,3252980,11446.0942997889,16917.6495425757,0,0,0,0,2.30439831104856,0.0450313159746657,1,14.98,0.0527093596059113,100.049261083744,4701.42153413089,31374.4123856439,15725.6157635468,0.855501353147565,0,0.144498646852435,0,"Dairy",-0.334844448801605,-0.781879060456184,3,"3"
"12",134902020,13490,"Above Average",2,0,"Dairy","4 - Specialist grazing livestock","45 - Specialist dairying","450 - Specialist dairying",".","0",43212,15323,9516,0,0,68051,111685,12240,402122,6232,0,0,0,4095,0,536373,604424,645561,141511,787072,0,85673,0,202613,10981,299267,1690763,0,1690763,1.93,8614,25618,871671,3.5358,231834.42,291455,272377,19078,247158,44297,99019,0,0,25532,19190,0,31227,26571,33322,11536,1.17923,1.10204,66,0,0,0,0,0,66,0,0,100,178.5,3273,265013,4091,0,2.5,100,71.5,0,0,0,77,0,0,27.5,0,0,0,102.5,0,0,0,0,0,0,0,0,0,0,0,0,0,0,0,0,0,0,".",".",19951,124551,102656,2020,79.59,8,1,1236216,63556,259166,263402,113290,133198,0,2.56,1257076,1290305,212926,8129,144502,195693,192.7,291455,77823,2059,49725,99019,12251,9137,4640,0,4,2,66,25617.62,"UKM9",0,0,0,19078,0,0,0,0,0,0,0,0,0,0,0,0,0,0,0,0,0,0,0,0,0,7441,"NNKG",2019,"Dairy",66,"0.00","0.00","0.00","0.00",0,0,0,"0.00",0,"0.00","0.00",0,"0.00",0,0,632.41,0,0,0,"26.69",3820.63,0,4479.72,14046,0,"252.65",0,"120.31",0,"3,188.35",0,"298.58","0.00","13,990.93","0.00",0,"0.00","0.00","0.00","824.83",97.42,0,"0.00","396.00","0.00",0,0,0,0,0,0,0,0,"0.00",0.08,0,0,0,0,33215.15,0.1349,435.39,66,0,"Total_N_kg",1,"",51784,0.960238683763325,0.0397613162366754,146953,-48740,-8604,0.16528315233221,0.495795234255717,0.504204765744283,0.671434698323927,-130.363636363636,2189.42424242424,2226.56060606061,-738.484848484848,671.166666666667,0.518941359626362,1.51515151515152,26.1933817197687,3226.15151515152,123.166666666667,81.29,0,0,2.91969696969697,0,0,1,0,13207.1363636364,0,513.850544888428,0.339740268652108,0.0658420682438112,290.757575757576,0.848014273215419,1.17922543474215,1690763,25617.6212121212,0.0402486924542352,0.317237247325616,0.465512907486147,0.177001152734002,25617.6212121212,1031.07575757576,8126.86363636364,11925.3333333333,4534.34848484848,1.93968022338703,0.029389094293743,0.00118287261773738,0.00932331537513997,0.0136810027330648,0.00520190356780079,68051,0.0780695927706669,0.0402486924542352,0.317237247325616,0.465512907486147,0.177001152734002,1086339,16459.6818181818,25617.6212121212,0,0,0,0,2.91969696969697,0.0535727272727273,1,13.49,0.204393939393939,659.681818181818,6787.45454545455,50325.9848484849,21281.8181818182,0.852872500959881,0,0.141171769664175,0,"Dairy",1.29059704813124,0.2982363351892,1,"1"
"13",136292020,13629,"Average",2,0,"Dairy","4 - Specialist grazing livestock","45 - Specialist dairying","450 - Specialist dairying",".","0",87558,49262,10692,0,0,147511,256876,33488,686541,4489,26,0,0,5442,0,986862,1134373,1772810,268335,2041145,0,213294,0,630085,18073,861451,4036969,56628,3980341,1.67,7225,13421,2407692,11.0005,767876.85,849097,802424,46673,555672,299368,194433,6760,52,56955,34571,4310,97135,30941,107398,17163,1.53771,1.45388,300.8,9.3,0,0,0,10.1,281.4,0,0,343.5,425.8,27275,768793,6356,31,3,343.5,104.1,0.2,0,1,227.5,0,0,59,0,0,0,0,0,0,0,0,0,0,0,0,0,0,0,0,0,0,0,0,0,0,".",".",47337,251388,256947,2020,265.42,10,1,3051201,332927,772828,754401,137498,121242,1817,3,3125288,3044359,620743,22129,303035,354871,553.55,849097,303631,7343,120630,194433,32758,40394,36840,4310,4,2,300.8,13420.77,"UKM9",0,0,0,46473,0,0,200,0,0,0,0,0,0,0,0,0,0,0,0,0,0,0,0,0,5.2,9400,"NNKG",2019,"Dairy",306,"884.00","0.00","0.00","0.00",0,0,0,"0.00",0,"0.00","0.00",0,"0.00",0,0,1516.92,0,0,0,"0.00",10400.54,0,12801.46,35574,0,"0.00",0,"81.00",0,"0.00",0,"0.00","0.00","28,798.40","0.00",0,"0.00","0.00","0.00","1.44",427.88,0,"0.00","1,836.00","32.41",0,0,0,38.7,0,0,0,0,"0.00",0.07,0,0,0,0,66789.9,0.1917,176.43,300.8,0,"Total_N_kg",1,"",127973,0.942620709055816,0.0573792909441835,546062,191191,285894,0.372825060233408,0.356890908812538,0.643109091187462,0.417939293154963,950.445478723404,1007.43018617021,1815.36569148936,635.608377659574,995.239361702128,0.620540149941288,1.14195478723404,28.0511094039496,2063.64029255319,73.5671542553192,64.4221251819505,0,0,1.84025930851064,0.0309175531914894,0.0335771276595745,0.935505319148936,0,8004.29521276596,0.0347677606167677,351.247403125282,0.228987971927824,0.0407150184254567,114.930186170213,0.654426997151091,1.52805431981457,4036969,13420.7746010638,0.0365400378353165,0.24445617491737,0.505613245977366,0.213390541269948,13420.7746010638,490.395611702128,3280.79122340426,6785.72140957447,2863.86635638298,1.67669660405068,0.00557412434857275,0.000203678714595608,0.00136262911676587,0.00281835110536334,0.00118946541184794,147512,0.0612669726858751,0.0365400378353165,0.24445617491737,0.505613245977366,0.213390541269948,2902596,9649.58776595745,13232.5166223404,188.257978723404,0.0140273556720401,0.0169934640522876,0,1.84025930851064,0.0365708111702128,0.983006535947712,19.17,0.0637300531914894,58.6535904255319,4255.8045212766,22204.0890957447,11826.4627659574,0.812449517476913,0,0.118495859066075,0,"Dairy",-0.988175960146036,-1.08130098383753,2,"2"
"14",136372020,13637,"Average",1,5,"Dairy","4 - Specialist grazing livestock","45 - Specialist dairying","450 - Specialist dairying","31/03/2019",".",71345,32542,7645,0,0,111532,122437,17075,369016,4900,70,0,0,1930,0,515428,626960,811977,186015,997992,0,89965,0,236694,24258,350917,1975870,13068,1962802,1.32,8663,17563,1495472,5.0216,345689.67,528981,504904,24077,512402,18516,149894,22170,122.8,48914,22401,11841,79694,34064,110142,45150,1.03487,0.98953,112.5,25.1,0,0,0,10.2,77.2,0,0,161,153.53,28733,470466,5705,9.58,1,161,22.2,0,0,0,110.5,0,0,10.25,0,0,0,0,0,0,0,0,0,0,0,0,0,0,0,0,0,0,0,0,0,0,"12992",".",32703,198808,280891,2020,131.88,9,1,1653675,97149,323241,310168,159121,133017,23369,2.15,2482818,2505187,393421,14036,240405,264495,226.96,528981,33637,4335,68774,149894,23601,7677,3850,11841,4,2,112.5,17563.29,"UKM9",0,0,0,24077,0,0,0,0,0,0,0,0,0,0,0,0,0,0,0,0,0,0,0,0,1.2,5800,"NNKG",2019,"Dairy",109.6,"1,530.00","1,040.00","0.00","0.00",0,0,0,"0.00",0,"0.00","0.00",0,"0.00",0,0,780.51,0,0,0,"0.00",6597.06,0,9947.57,14913,0,"107.74",0,"119.18",0,"0.00",0,"0.00","0.00","15,281.15","0.00",0,"0.00","0.00","0.00","0.00",414.37,0,"0.00","657.60","62.03",34.16,0,0,23.37,0,0,0,0,"0.00",0,0,0,0,0,31612.6,0.3147,197.67,112.5,0,"Total_N_kg",1,"",73109,0.940704974763709,0.059295025236291,288576,24081,71709,0.209927750832751,0.454468118892739,0.545531881107261,0.500008506921799,637.413333333333,2136.93333333333,2565.12,214.053333333333,164.586666666667,0.709376101515686,1.43111111111111,28.0294243374181,3497.07555555556,124.764444444444,87.1801242236025,0,0,2.01742222222222,0.223111111111111,0.0906666666666667,0.686222222222222,0,13293.0844444444,0.147904519193563,660.44236869933,0.283363674687749,0.0423474567139462,199.12,0.96865860966651,1.03235545528706,1975869,17563.28,0.0564470620268854,0.260861423505303,0.505090165390519,0.177601349077292,17563.28,991.395555555556,4581.58222222222,8871.04,3119.26222222222,1.32123436613992,0.0117443054767993,0.00066293153971158,0.00306363624475899,0.00593193319567334,0.00208580449665539,111532,0.0745797982175527,0.0564470620268854,0.260861423505303,0.505090165390519,0.177601349077292,1348909,11990.3022222222,17447.1288888889,116.16,0.00661379878929221,0.0105540897097625,0,2.01742222222222,0.0446364444444444,0.989445910290237,31.47,0.279733333333333,175.706666666667,8842.28444444444,28100.0888888889,13256,0.663183068829875,0,0.0784623782491603,0,"Dairy",-0.21421939655519,0.321025534692943,3,"3"
"15",136382020,13638,"Average",2,0,"Dairy","4 - Specialist grazing livestock","45 - Specialist dairying","450 - Specialist dairying",".","0",96482,24502,6617,0,0,127600,103596,25183,672835,15719,0,0,0,833,0,818165,945765,664428,99837,764265,0,81554,0,222419,16119,320092,2030122,9801,2020321,1.69,10548,29899,1195836,3.7553,245615.84,432290,418358,13932,395829,36460,188384,0,0,45358,14962,5295,54263,19125,48377,14930,1.09211,1.05692,67.9,0,0,0,0,5.7,62.2,0,0,113,167.8,9708,406220,2430,32.5,0,113,17,0.3,0,2.5,103.5,0,0,12,0,0,0,0,0,0,0,0,0,0,0,0,0,6.6,0,0,0,0,0,0,0,0,".",".",20097,233742,141990,2020,88.6,8,1,1465771,65183,267129,252337,83152,77247,2880,2,1606848,1606738,324768,10853,259134,188622,191.72,432290,39640,1620,71802,188384,22159,3045,0,5295,1,2,67.9,29898.7,"UKM9",0,0,0,13932,0,0,0,0,0,0,0,0,0,0,0,0,0,0,0,0,0,0,0,0,0.9,5200,"NNKG",2019,"Dairy",68.8,"0.00","0.00","0.00","0.00",0,0,0,"0.00",0,"0.00","0.00",0,"0.00",0,0,820.28,0,0,0,"0.00",5100.91,0,5921.19,13548,0,"0.00",0,"315.58",0,"0.00",0,"0.00","0.00","28,146.92","0.00",0,"0.00","0.00","1,152.60","0.00",435.2,0,"0.00","412.80","0.00",0,0,0,21.84,0,0,0,0,"0.00",0.17,0,0,0,0,44033.11,0.1345,553.95,67.9,0,"Total_N_kg",1,"",73422,0.977935768570728,0.0220642314292719,173156,-15466,13358,0.191752774447868,0.599444817136644,0.400555182863356,0.436332091882764,196.730486008837,3816.40648011782,2550.16200294551,-227.776141384389,536.966126656848,0.58940121009806,1.66421207658321,29.9242605731134,4783.03387334315,159.837997054492,96.0442477876106,0,0,2.82356406480118,0,0.0839469808541973,0.916053019145803,0,17611.7231222386,0,982.599624452326,0.43578153554327,0.0346110250063615,220.353460972018,0.915656156746628,1.09211300839504,2030122,29898.7039764359,0.0628533654627653,0.4030127253436,0.376462596829156,0.157671312364479,29898.7039764359,1879.23416789396,12049.558173785,11255.7437407953,4714.16789396171,1.69765921079479,0.0250023447834284,0.00157148151409889,0.0100762631111498,0.00941244764398737,0.00394215251419234,127601,0.106704431042384,0.0628533654627653,0.4030127253436,0.376462596829156,0.157671312364479,1084357,15969.911634757,29754.3593519882,144.344624447717,0.0048277886747693,0.0130813953488372,0,2.82356406480118,0.0553063328424153,0.986918604651163,13.45,0.198085419734904,815.832106038291,8720.45655375552,64849.941089838,19952.8718703976,0.861467036186983,0,0.138532963813017,0,"Dairy",2.09044443168997,1.46611589026003,1,"1"
"16",136392020,13639,"Average",2,0,"Dairy","4 - Specialist grazing livestock","45 - Specialist dairying","450 - Specialist dairying",".","0",46273,37663,4538,0,0,88475,67701,2190,482734,14599,0,0,0,11699,0,578923,667398,679831,225154,904985,0,58079,0,171586,9065,238730,1811114,0,1811114,1.49,8810,22168,1208563,4.2879,296747.27,320428,303733,16695,371243,-50833,183016,0,0,49480,7736,0,65552,6838,20884,33766,0.86323,0.81831,81.7,0,0,0,0,0,81.7,39,0,148.5,92,15139,281416,7178,0,0.5,148.5,17,0,0,0,46,0,0,28.5,0,0,0,0,0,0,0,0,0,0,0,0,0,0,0,0,0,18.5,22.7,1.8,21,39,"410",".",11707,232496,127040,2020,107.3,9,1,852763,-33570,299922,295506,37576,45243,17895,2,1371389,1407198,311506,11311,244203,198958,205.7,320363,-48730,5761,28729,183016,20887,1655,0,0,1,1,81.7,22167.86,"UKM9",0,0,0,16695,0,0,0,0,0,0,0,0,0,0,0,0,0,0,0,0,0,0,0,0,0,7000,"NNKG",2019,"Dairy",81.7,"0.00","0.00","0.00","0.00",0,0,0,"0.00",0,"0.00","0.00",0,"0.00",0,0,419.17,21.99,0,0,"0.00",5316.17,0.29,5915.71,9522,0,"0.00",0,"355.10",0,"0.00",0,"0.00","0.00","20,329.21","0.00",0,"0.00","0.00","952.82","645.12",111.47,0,"0.00","490.20","0.00",0,0,0,0,0,0,0,0,"0.00",0,0,0,0,0,32405.92,0.1826,324.24,81.7,0,"Total_N_kg",1,"",34490,0.832966077123804,0.167033922876196,76160,-122798,-75675,-0.0989904857669846,0.76226967533704,0.23773032466296,0.621039258591036,-926.25458996328,2989.02080783354,932.19094247246,-1503.03549571603,-622.19094247246,0.72192513368984,1.81762545899633,27.5400937140836,3812.8029375765,138.445532435741,76.1683501683502,0,0.189596499756928,2.51774785801714,0,0,1,0,14792.6927784578,0,889.722897423432,0.571276957701108,0.0241476075576768,94.68788249694,1.15881983874542,0.862946910783503,1811113,22167.8457772338,0.0488511760447857,0.319650402818598,0.499684448181864,0.131813972954752,22167.8457772338,1082.92533659731,7085.96083231334,11076.9277845777,2922.03182374541,1.49856730679327,0.0183423170966129,0.00089604376155592,0.00586312904855878,0.00916537059679779,0.00241777368970042,88474,0.0732059478901803,0.0488511760447857,0.319650402818598,0.499684448181864,0.131813972954752,1143715,13998.9596083231,22167.8580171359,0,0,0,0,2.51774785801714,0.0524834761321909,1,18.26,0.223500611995104,396.866585067319,7240.77111383109,39664.5287637699,11654.8347613219,0.898652908949222,0.00371722075625749,0.0708570906957914,0,"Dairy",0.646065277229682,0.718647833876302,1,"1"
"17",136422020,13642,"All Estimated",1,5,"Dairy","4 - Specialist grazing livestock","45 - Specialist dairying","450 - Specialist dairying","31/03/2020",".",170267,27548,12783,0,0,210599,259425,0,793473,32412,0,0,0,3504,0,1088814,1299413,1341932,419001,1760933,0,215543,0,341807,37854,595203,3655550,5445,3650105,1.61,9167,15509,2261475,8.49,582189.59,837892,788362,49530,783715,59759,275594,0,0,89217,29831,100219,119478,29994,83859,37672,1.07622,1.01305,235.7,0,0,0,0,23.9,211.8,52,12.5,270,237.05,-2712,786727,4347,34.3,3,270,26.25,0,0,0,150.5,12.5,0,23,0,0,0,0,0,0,0,0,0,0,0,1,26.5,34.7,1.6,10,52,0,0,0,0,0,".",".",47682,364811,371222,2020,203.81,9,1,1277862,93584,548759,528787,131462,147257,18968,4.53,1977969,1456037,648522,21425,415130,377739,399.91,837892,52118,0,113272,275594,33479,31430,28983,100167,4,2,235.7,15509.33,"UKM9",0,0,0,48753,0,0,777,0,0,0,0,0,0,0,0,0,0,0,0,0,0,0,0,0,0.5,10439,"NNKG",2019,"Dairy",236.2,"0.00","0.00","0.00","0.00",0,0,0,"0.00",0,"0.00","0.00",0,"0.00",0,0,1356.18,13.07,0,0,"0.00",10069.75,0,11439,35413.2,0,"0.00",0,"788.40",0,"0.00",0,"14,800.79","4,875.68","6,653.92","0.00",0,"0.00","1,265.04","0.00","2,082.82",412.12,0,"0.00","1,417.20","0.00",0,0,0,91.58,0,0,0,0,"0.00",0,0,0,0,0,67800.75,0.1687,238.62,235.7,0,"Total_N_kg",1,"",113272,1,0,422762,45023,105802,0.138002529004287,0.495445713767407,0.504554286232593,0.450820630821156,448.884174798473,1761.26431904964,1793.64446330081,191.018243529911,253.53839626644,0.675151909179565,1.14552397114977,30.2694049008168,2751.472210437,90.8994484514213,79.3518518518518,0.0312570328323873,0.130029256582731,1.69669070852779,0,0.101400084853627,0.898599915146373,0,9594.71786168859,0,689.140056512715,0.328913511526545,0.0356024404099812,126.563428086551,0.935341308903773,1.06912844592741,3655549,15509.3296563428,0.0576107720071595,0.297852388245924,0.481715058394786,0.162821781352131,15509.3296563428,893.504454815443,4619.49087823504,7471.07764106916,2525.25668222317,1.61644457710123,0.00685805930038705,0.000395098090766178,0.00204268934135246,0.00330363043636085,0.00111664143190757,210598,0.0931241778043091,0.0576107720071595,0.297852388245924,0.481715058394786,0.162821781352131,2356136,9996.33432329232,15486.2324989393,23.1014000848536,0.00148951634898069,0.00211685012701101,0,1.69669070852779,0.0360203648705982,0.997883149872989,16.87,0.0715740347899873,101.238862961392,4853.20322443785,28765.6979210861,15024.6924056003,0.880299851385611,0.00114258239356587,0.118557566220824,0,"Dairy",-0.597965027923925,-0.659599199448616,3,"3"
"18",136602020,13660,"Average",2,0,"Dairy","4 - Specialist grazing livestock","45 - Specialist dairying","450 - Specialist dairying",".","0",150146,59169,12878,0,0,222193,521468,20075,929651,12565,0,0,0,4411,0,1488170,1710363,1289455,349318,1638773,0,417987,0,370403,39390,827780,4176917,0,4176917,2.26,9390,13794,1841536,9.1426,636306.04,643496,560901,82595,723177,-68629,252011,0,0,60041,58426,72625,121095,34175,86847,34904,0.90608,0.79305,327,0,0,0,0,0,278.7,0,0,293,314.5,18000,539389,3512,31,0,293,50,0,0,0,190.5,0,0,43,0,0,0,0,0,0,0,0,0,0,0,1,0,0,0,0,0,0,0,0,0,0,".",".",61479,312052,349646,2020,219.93,9,1,3309689,-30396,433562,426849,146199,112230,15208,1.99,3825813,3821434,446073,18015,434462,317593,442.32,643496,-38560,0,99256,252011,44134,1720,0,72625,1,2,302.8,13794.31,"UKM6",16845,16845,0,64425,0,0,0,0,0,0,0,0,0,1325,0,0,0,0,0,0,0,48.3,24.1,0,0,5339,"NNKG",2019,"Dairy",278.7,"0.00","0.00","0.00","0.00",0,0,0,"0.00",0,"0.00","0.00",0,"0.00",0,0,1355.35,0,0,0,"0.00",8466.86,0,9822.21,68529,0,"0.00",0,"305.64",96,"0.00",0,"0.00","0.00","38,983.20","0.00",0,"0.00","0.00","1,642.20","0.00",461.66,0,"0.00","836.10","0.00",0,0,0,0,0,0,0,0,"0.00",0,0,0,0,0,110853.8,0.0886,362.51,302.8,48.3,"Total_N_kg",1,"",99256,1,0,209034,-108559,-2263,-0.0543348468056201,0.675158819946045,0.324841180053955,0.49354308340689,-7.47357992073976,1434.81505944518,690.336856010568,-358.517173051519,-226.647952443857,0.662416350153735,0.967635402906209,24.7611990008326,1473.16050198151,59.494715984148,61.4846416382253,0,0,1.46076618229855,0,0,0.920409511228534,0.159511228533686,6081.69088507265,0,569.748146138542,0.391627919987071,0.0907946591742606,192.952443857332,1.12382516752241,0.889818121981202,4176916,13794.3064729194,0.0531954676608292,0.356284397387929,0.392340425328161,0.198179709623081,13794.3064729194,733.794583883752,4914.69616908851,5412.06406869221,2733.75165125495,2.26816961493015,0.00749065262526468,0.000398468769485773,0.00266880265663474,0.00293888583698185,0.00148449536216232,222193,0.120656343400292,0.0531954676608292,0.356284397387929,0.392340425328161,0.198179709623081,2466553,8145.81571994716,13794.3097754293,0,0,0,0,1.46076618229855,0.0301935270805812,1,8.86,0.0292602377807133,119.71928665786,3243.79458388375,36609.5772787318,22631.7701453104,0.862011706123164,0,0.137988293876836,0,"Dairy",-0.918387893241585,-1.59108099496308,2,"2"
"19",136782020,13678,"Average",2,0,"Dairy","4 - Specialist grazing livestock","45 - Specialist dairying","450 - Specialist dairying",".","0",19879,21430,6157,0,0,47467,69173,0,142627,1072,0,0,0,518,0,213391,260857,271398,74444,345842,0,59341,0,77216,3224,139781,746480,0,746480,1.38,9360,24395,537453,1.6626,121948.76,167108,160417,6691,158535,8573,48398,0,0,19080,8629,4703,18944,31111,8895,18401,1.05408,1.01187,30.6,0,0,0,0,0,30.6,0,0,62.5,31.5,2522,145835,12060,0,0,62.5,8.5,0,0,0,14.5,0,0,8.5,0,0,0,0,0,0,0,0,0,0,0,0,0,0,0,0,0,0,0,0,0,0,".",".",9003,67478,82054,2020,44.17,8,1,709472,13165,92584,94532,136313,119157,1821,2.52,851252,832599,132351,4759,76481,156327,79.33,167108,46465,700,13134,48398,10546,3093,0,0,1,2,30.6,24394.77,"UKM9",0,0,0,6691,0,0,0,0,0,0,0,0,0,0,0,0,0,0,0,0,0,0,0,0,0,7600,"NNKG",2019,"Dairy",30.6,"0.00","0.00","0.00","0.00",0,0,0,"0.00",0,"0.00","0.00",0,"0.00",0,0,230.98,0,0,0,"0.00",2236.54,0,2710.38,9729,0,"0.00",0,"13.50",32,"0.00",0,"65.25","0.00","6,058.20","0.00",0,"0.00","0.00","0.00","0.00",68.12,0,"0.00","183.60","0.00",0,0,0,0,0,0,0,0,"0.00",0.03,0,0,0,0,16149.7,0.1678,439.19,30.6,0,"Total_N_kg",1,"",13834,0.949400028914269,0.0505999710857308,90627,-65700,-60614,0.059491262715043,0.457674079038705,0.542325920961295,0.935484836153865,-1980.84967320261,2499.37908496732,2961.66666666667,-2147.05882352941,280.16339869281,0.787848228917181,2.04248366013072,27.810674511452,4325.19607843137,155.522875816993,76.144,0,0,2.59248366013072,0,0,1,0,17563.8235294118,0,610.08445733014,0.289621083371233,0.0516372645235417,281.993464052288,0.948697848098236,1.05407638691772,746481,24394.8039215686,0.0635876867596094,0.285862600655609,0.463296453627085,0.187253258957696,24394.8039215686,1551.2091503268,6973.56209150327,11302.0261437908,4568.00653594771,1.38892331050343,0.0453896506700467,0.00288622288893503,0.0129752035833892,0.0210288641868049,0.00849936001091763,47466,0.0883165597735988,0.0635876867596094,0.285862600655609,0.463296453627085,0.187253258957696,485623,15870.0326797386,24394.7712418301,0,0,0,0,2.59248366013072,0.0543333333333333,1,16.78,0.548366013071895,1435.2614379085,8857.45098039216,52776.7973856209,31794.1176470588,0.825175805606594,0,0.0852205225835492,0,"Dairy",1.06213446885769,1.45341527650792,1,"1"
"20",137022020,13702,"Average",2,0,"Dairy","4 - Specialist grazing livestock","45 - Specialist dairying","450 - Specialist dairying",".","0",34846,15615,1140,0,0,51601,127172,20379,409675,8414,0,0,0,887,0,566527,618128,668156,128635,796791,0,105105,0,194106,11611,310823,1725741,0,1725741,1.41,8692,19390,1219536,3.9916,265816.34,439831,421314,18517,290886,152412,120008,0,0,28649,16879,18091,40885,14481,35403,11779,1.50523,1.44385,90.5,0,0,0,0,0,88.5,0,0,126.5,156,6531,406842,7941,11,0,126.5,34,0,0,0,100,0,0,11,0,0,0,0,0,0,0,0,0,0,0,0,0,0,0,0,0,0,0,0,0,0,"14251",".",21590,148657,120639,2020,96.35,8,1,1289766,173811,227764,197729,66523,68966,0,2,1327344,1262711,311896,11672,170576,148812,196.85,436630,142511,1376,69928,120008,10555,1695,0,18091,1,1,89,19390.35,"UKM8",0,0,0,18517,0,0,0,0,0,0,0,0,0,0,0,0,0,0,0,0,0,2,0.5,0,0,5300,"NNKG",2019,"Dairy",88.5,"0.00","0.00","0.00","0.00",0,0,0,"0.00",0,"0.00","0.00",0,"0.00",0,0,649.89,0,0,0,"0.00",5485.84,0,6135.73,17232,0,"0.00",0,"198.72",0,"0.00",0,"0.00","0.00","16,814.58","0.00",0,"0.00","0.00","1,081.20","0.00",337.8,0,"0.00","531.00","0.00",0,0,0,0,0,0,0,0,"0.00",0.02,0,0,0,0,36195.32,0.1695,339.66,89,2,"Total_N_kg",1,"",71304,0.980702344889487,0.0192976551105127,266054,117242,131902,0.619666941185279,0.390664864988663,0.609335135011337,0.340819458122438,1482.04494382022,1916.58426966292,2989.37078651685,1317.32584269663,1712.49438202247,0.64262128524257,1.42134831460674,26.7217272104181,3504.44943820225,131.14606741573,92.2687747035573,0,0,2.21179775280899,0,0,0.99438202247191,0.0224719101123595,13702.6516853933,0,609.641859283719,0.274850559970685,0.038657444518242,189.651685393258,0.666207086091198,1.50103476963484,1725742,19390.3595505618,0.0299007615275053,0.328280241194802,0.461709224206168,0.180109773071525,19390.3595505618,579.786516853933,6365.47191011236,8952.70786516854,3492.39325842697,1.41508081762244,0.0158997844676679,0.000475415663706469,0.00521958507999137,0.0073410771516122,0.00286370657235782,51601,0.0423119940698758,0.0299007615275053,0.328280241194802,0.461709224206168,0.180109773071525,1107614,12445.1011235955,19390.3483146067,0,0,0,0,2.21179775280899,0.0448494382022472,1,16.95,0.190449438202247,381.640449438202,6894.07865168539,40668.8988764045,19361.797752809,0.894081062889012,0,0.105918937110988,0,"Dairy",0.127139292011171,0.429622602555601,3,"3"
"21",137062020,13706,"Above Average",2,0,"Dairy","4 - Specialist grazing livestock","45 - Specialist dairying","450 - Specialist dairying",".","0",29116,14933,862,0,0,44911,112709,0,434393,7598,0,0,0,1323,0,556023,600935,610431,127753,738184,0,90413,0,188054,9258,287725,1626844,26136,1600708,1.87,8598,18656,867734,3.6142,246206.41,300485,280968,19517,306533,-6049,92166,0,0,38512,16201,47507,33424,22055,38898,15722,0.98027,0.9166,91.5,0,0,0,0,0,86.6,0,0,110.5,151,366,278389,2213,14,0,110.5,33.5,2.5,0,1.5,76,0,0,23.5,0,0,0,0,0,0,0,0,0,0,0,0,0,0,0,0,0,0,0,0,0,0,".",".",18249,130678,157606,2020,85.03,8,1,830559,24637,225617,215964,96796,116849,363,2.68,866264,912901,211842,8271,152141,180833,187.29,300485,16380,0,55057,92166,9239,1617,0,47507,1,1,87.2,18656.47,"UKM8",0,0,0,19517,0,0,0,0,0,0,0,0,0,0,0,0,0,0,0,0,0,4.9,0.6,0,2.4,6300,"NNKG",2019,"Dairy",89,"0.00","0.00","0.00","0.00",0,0,0,"0.00",0,"0.00","0.00",0,"0.00",0,0,642.77,0,0,0,"0.00",3887.37,0,4530.14,15234,0,"0.00",0,"172.80",745.6,"0.00",0,"4,661.46","0.00","10,878.42","0.00",0,"0.00","0.00","0.00","252.00",84.45,0,"0.00","534.00","0.00",0,0,0,0,0,0,0,0,"0.00",0.03,0,0,0,0,32562.76,0.1391,314.97,87.2,4.9,"Total_N_kg",1,"",55057,1,0,148344,-32489,-7893,0.0752015335166797,0.506318119040884,0.493681880959116,0.601803750603191,-90.5160550458716,1744.73623853211,1701.19266055046,-372.580275229358,-69.3692660550459,0.589994126755299,1.26720183486239,25.6126224156692,2429.38073394495,94.8509174311927,74.8506787330317,0,0,2.14782110091743,0,0,0.993119266055046,0.0561926605504587,9951.07798165138,0,492.103155534198,0.306724129324259,0.0539161688603424,185.79128440367,1.02012746060535,0.98026966101529,1626843,18656.4564220183,0.0276062287510227,0.341780368480548,0.453752451834627,0.176860950933802,18656.4564220183,515.034403669725,6376.41055045872,8465.4128440367,3299.59862385321,1.87481762844374,0.0215002021610521,0.000593539499051235,0.00734834701701065,0.00975576944551752,0.00380254619947266,44911,0.0517566443172677,0.0276062287510227,0.341780368480548,0.453752451834627,0.176860950933802,1025909,11765.0114678899,18356.7431192661,299.724770642202,0.0160654715912968,0.0267857142857143,0,2.14782110091743,0.041447247706422,0.973214285714286,13.91,0.159518348623853,361.204128440367,5195.11467889908,37342.6146788991,17470.1834862385,0.858112552812937,0,0.141887447187063,0,"Dairy",-0.00997800505304772,-0.565110040497596,3,"3"
"22",137572020,13757,"Average",2,0,"Dairy","4 - Specialist grazing livestock","45 - Specialist dairying","450 - Specialist dairying",".","0",62959,45764,4034,0,0,112756,135657,0,227332,35708,0,0,0,2566,0,401264,514020,721237,190143,911380,0,101629,0,203608,14307,319543,1744943,0,1744943,1.55,8111,23204,1119183,4.0726,279602.33,399742,383651,16091,393674,6067,156321,0,0,58181,18464,0,59819,31787,39566,25302,1.01541,0.97454,75.2,0,0,0,0,0,75.2,0,0,131,153.5,6100,374576,2975,0,0,131,57,0,0,0,65.5,0,0,31,0,0,0,0,0,0,0,0,0,0,0,1,0,0,0,0,0,0,0,0,0,0,".",".",22698,214502,156474,2020,98.54,8,1,114377,12149,255450,220245,136999,138771,12674,2.13,482282,472691,329006,11036,237200,222275,212.27,399742,21670,1300,33770,156321,20043,32479,30000,0,2,2,75.2,23204.03,"UKM7",0,0,0,16091,0,0,0,0,0,0,0,0,0,0,0,0,0,0,0,0,0,0,0,0,0,6450,"NNKG",2019,"Dairy",75.2,"0.00","0.00","0.00","0.00",0,0,0,"0.00",0,"0.00","0.00",0,"0.00",0,0,567.73,0,0,0,"0.00",5187,0,5754.73,16662,0,"0.00",0,"859.68",276.8,"0.00",0,"0.00","2,486.60","7,495.05","4,341.67",0,"0.00","0.00","0.00","2,612.16",320.91,0,"0.00","451.20","0.00",0,0,0,0,0,0,0,0,"0.00",0.02,0,0,0,0,35506.09,0.1621,395.63,75.2,0,"Total_N_kg",1,"",35070,0.96293128029655,0.0370687197034502,162542,-59733,-9077,0.0323341739136221,0.593382731862051,0.406617268137949,0.556046149766599,-120.704787234043,3154.25531914894,2161.46276595745,-794.321808510638,80.6781914893617,0.617138549959957,1.74202127659574,29.8120695904313,4375.07978723404,146.755319148936,84.2442748091603,0,0,2.82273936170213,0,0,1,0,14882.7526595745,0,736.42530739153,0.391054730301044,0.0461897924161084,245.531914893617,0.984820209034827,1.01541376875283,1744943,23204.0292553191,0.0646187296662412,0.229958227861884,0.522297863024752,0.183125179447122,23204.0292553191,1499.41489361702,5335.95744680851,12119.414893617,4249.2420212766,1.55912214535067,0.0207330072520036,0.00133974059078544,0.00476772560591834,0.0108288053817982,0.00379673567350165,112757,0.100749385935991,0.0646187296662412,0.229958227861884,0.522297863024752,0.183125179447122,1230923,16368.6569148936,23204.0292553191,0,0,0,0,2.82273936170213,0.054156914893617,1,16.21,0.215558510638298,526.103723404255,7652.5664893617,47215.545212766,22156.914893617,0.901345501874111,0,0.0986544981258895,0,"Dairy",0.839658508068804,0.742527280383487,1,"1"
"23",137712020,13771,"Average",2,0,"Dairy","4 - Specialist grazing livestock","45 - Specialist dairying","450 - Specialist dairying",".","0",95289,30456,7367,0,0,133112,273968,0,1046171,35130,0,0,0,3293,0,1358561,1491674,1294603,204200,1498803,0,220359,0,420663,11593,652615,3643092,0,3643092,1.54,9536,22798,2360449,7.5226,512540.84,755531,723554,31977,654432,101099,271150,0,0,76367,37302,71446,90440,33974,53098,16928,1.15448,1.10562,168.5,0,0,0,0,0,158,0,0,244.5,269.3,10702,707048,5804,6.3,1,244.5,55,0,0,0,149,0,0,58,0,0,0,0,0,0,0,0,0,0,0,0,0,0,0,0,0,0,0,0,0,0,".",".",41029,347517,265886,2020,183.22,9,1,1845578,117615,512520,469058,148820,135704,4038,3.98,2018318,1933319,595340,22049,405549,326395,379.3,755531,99614,5902,81132,271150,29346,30645,29600,71394,4,2,159.8,22797.82,"UKM9",0,0,0,31977,0,0,0,0,0,0,0,0,0,0,0,0,0,0,0,0,0,10.5,1.8,0,0,9568,"NNKG",2019,"Dairy",158,"0.00","0.00","0.00","0.00",0,0,0,"0.00",0,"0.00","0.00",0,"0.00",0,0,1210.66,0,0,0,"0.00",10363.17,0,11573.83,36127.8,0,"0.00",0,"810.00",736,"1,351.50",0,"0.00","0.00","43,900.00","0.00",0,"0.00","0.00","537.20","0.00",365.95,0,"0.00","948.00","0.00",0,0,0,0,0,0,0,0,"0.00",0.11,0,0,0,0,84776.56,0.1365,463.31,159.8,10.5,"Total_N_kg",1,"",87034,0.932187421007882,0.067812578992118,349982,23587,103247,0.185790718283361,0.536773474549688,0.463226525450312,0.432007422594175,646.101376720901,2537.8535669587,2190.12515644556,147.603254067584,632.659574468085,0.644608489322436,1.53003754693367,27.0007710100231,3725.53191489362,137.978723404255,90.1799591002045,0,0,2.37359198998748,0,0,0.988735919899875,0.0657071339173967,14771.2703379224,0,714.869496440812,0.358886663816574,0.049371898704355,233.42928660826,0.866188151114911,1.15448358270989,3643091,22797.816020025,0.036538203410236,0.372914374085083,0.411409706757256,0.179137715747424,22797.816020025,832.991239048811,8501.63329161452,9379.24280350438,4083.94868585732,1.54338899082336,0.00965825401015867,0.000352895249610905,0.00360170174895307,0.00397349945010648,0.00173015756148823,133112,0.0563926608878226,0.036538203410236,0.372914374085083,0.411409706757256,0.179137715747424,2151418,13463.1914893617,22797.8222778473,0,0,0,0,2.37359198998748,0.0470750938673342,1,13.65,0.0854192740926158,289.931163954944,7242.69712140175,53051.6645807259,22608.1351689612,0.895396770127088,0,0.104603229872912,0,"Dairy",0.763764485153568,0.712967657348478,1,"1"
"24",137742020,13774,"Average",1,3,"Dairy","4 - Specialist grazing livestock","45 - Specialist dairying","450 - Specialist dairying",".",".",90658,32329,5497,0,0,128484,216075,10098,528868,4087,92,0,0,5583,0,764805,893288,1126438,202167,1328605,0,167594,0,348711,18197,534501,2756395,0,2756395,1.34,8412,17852,2048078,6.6616,462483.16,748594,715020,33574,678611,84666,278974,45250,319,78277,28842,75471,64080,53991,42394,30967,1.12342,1.07448,181.6,33,0,0,0,0,107.9,47,0,196,240,51935,658108,4977,28,0.5,196,49,0,0,0,118,0,0,44.5,0,0,0,0,0,0,0,0,0,0,0,0,0,33.7,9,1.5,47,0,0,0,0,0,".","9255",54457,357251,266903,2020,166.77,9,1,3558280,98079,487257,488200,246461,230923,6021,4,3852095,3866164,570698,18951,412158,306150,328.35,748594,106216,2615,104890,278974,23979,3450,0,75471,1,4,154.4,17852.3,"UKM9",0,0,0,33574,0,0,0,0,0,0,0,0,0,0,0,0,0,0,0,0,0,40.7,13.5,0,0,8810,"NNKG",2019,"Dairy",140.9,"2,210.00","3,931.20","0.00","0.00",0,0,0,"0.00",0,"0.00","0.00",0,"0.00",0,0,1205.35,42.25,0,0,"0.00",8906.78,0,16295.58,27477,0,"948.66",0,"0.00",0,"66.30",0,"803.88","694.02","29,610.55","6,034.80",0,"0.00","0.00","0.00","3,202.56",270.24,0,"0.00","845.40","52.28",84.24,0,0,0,0,0,0,0,"0.00",0.25,0,0,0,0,70090.18,0.2325,381.79,154.4,40.7,"Total_N_kg",1,"",107505,0.97567554997442,0.0243244500255802,336436,30286,59571,0.135016839420143,0.550576146749774,0.449423853250226,0.408966676195641,385.822538860104,2669.4170984456,2178.9896373057,196.152849740933,548.354922279793,0.596924014009441,1.26943005181347,30.1144002954989,3696.23056994819,122.739637305699,96.6887755102041,0,0.143139942134917,2.12661917098446,0.213730569948187,0,0.698834196891192,0.26360103626943,13264.7538860104,0.162201495479866,849.62387696056,0.372663954025814,0.0385282275839774,186.800518134715,0.906514078392293,1.10312682818286,2756395,17852.2992227979,0.0466130579978559,0.277465675275133,0.482008202743076,0.193913063983936,17852.2992227979,832.150259067358,4953.40025906736,8604.95466321243,3461.79404145078,1.34584473833516,0.00871661099958006,0.000406307894068174,0.00241856035710913,0.00420147800191811,0.00169026474648464,128484,0.062733938844126,0.0466130579978559,0.277465675275133,0.482008202743076,0.193913063983936,1863106,12066.7487046632,17852.2992227979,0,0,0,0,2.12661917098446,0.0431450777202073,1,23.25,0.150582901554404,247.273316062176,10554.1321243523,45395.1943005181,17795.9844559586,0.546576433609605,0.00259272759852672,0.0739679103167853,0,"Dairy",-0.160221078400716,0.313513665409341,3,"3"
"25",137792020,13779,"Average",1,2,"Dairy","4 - Specialist grazing livestock","45 - Specialist dairying","450 - Specialist dairying","31/12/2019","2836317",74159,16689,7993,0,0,98841,219481,85167,815694,29564,0,0,0,2135,0,1152041,1250881,1296122,242023,1538144,0,186613,0,425961,12905,625479,3414505,0,3414505,2.16,7855,19703,1575894,7.6353,509034.43,630562,601286,29276,586214,57500,224361,0,0,60079,24143,48854,52820,52315,90939,25277,1.09785,1.04803,173.3,0,0,0,0,6,167.3,0,0,203,438.5,10145,582311,8830,78.5,6.5,203,62,0,0,0.5,211,0,0,80,0,0,0,0,0,0,0,0,0,0,0,0,0,0,0,0,0,0,0,0,0,0,"4557",".",31569,284440,270205,2020,168.51,9,1,3561520,93657,640794,617489,234820,232278,8980,3.92,3837924,3826968,403485,14535,321484,294552,431.59,630508,80726,2094,163919,224361,18689,13927,12395,48802,4,1,173.3,19702.86,"UKM9",0,0,0,29276,0,0,0,0,0,0,0,0,0,0,0,0,0,0,0,0,0,0,0,0,0,9440,"NNKG",2019,"Dairy",173.3,"0.00","0.00","0.00","0.00",0,0,0,"0.00",0,"0.00","0.00",0,"0.00",0,0,1607.12,0,0,0,"0.00",6831.59,0,8587.48,30595.2,0,"2,559.10",0,"529.20",0,"0.00",0,"0.00","0.00","46,015.98","0.00",0,"0.00","0.00","0.00","0.00",596.78,0,"0.00","1,039.80","0.00",0,0,0,22.99,0,0,0,0,"0.00",0.49,0,0,0,0,81359.54,0.1055,419.92,173.3,0,"Total_N_kg",1,"",166013,0.987386529970544,0.0126134700294555,309024,14472,46234,0.108563847637131,0.509880921415747,0.490119078584253,0.467166158082054,266.785920369302,1855.07212925563,1783.17368724755,83.5083669936526,331.794575879977,0.470353808012234,1.17137911136757,27.7595459236326,2328.24581650317,83.8718984420081,71.6009852216749,0,0,2.49042123485286,0,0.0346220427005193,0.965377957299481,0,9093.4448932487,0,519.847540489817,0.355841638805535,0.0382913460257443,139.31332948644,0.929748710563546,1.07555943733858,3414505,19702.8563185228,0.0289473876886987,0.337396196520433,0.45047349469396,0.183182921096909,19702.8563185228,570.346220427005,6647.66878245816,8875.61454125793,3609.22677437969,2.16670981677702,0.012502653299348,0.000361919152193615,0.00421834766961367,0.00563211392470428,0.00229027255283648,98841,0.0627205890751535,0.0289473876886987,0.337396196520433,0.45047349469396,0.183182921096909,2163623,12484.8413156376,19702.8563185228,0,0,0,0,2.49042123485286,0.0440582804385459,1,10.55,0.0608770917484132,242.308136180035,4955.26832083093,46947.2244662435,17654.4720138488,0.795529072556792,0,0.187146869628808,0,"Dairy",0.185523989524527,-0.792512111246134,3,"3"
"26",137842020,13784,"Average",2,0,"Dairy","4 - Specialist grazing livestock","45 - Specialist dairying","450 - Specialist dairying",".","0",125194,47366,8486,0,0,181046,166975,48448,1121276,27438,0,0,0,5435,0,1369572,1550618,1407242,462738,1869980,0,142484,0,342120,40320,524923,3945522,202554,3742968,1.41,10088,19639,2791007,8.4595,572226.22,944261,906180,38081,873772,69492,369715,0,0,78753,21249,114923,102215,53120,48889,70460,1.07795,1.03524,203.2,0,0,0,0,23.1,175.5,1,0,288,239.5,27912,870495,7773,10.5,0,288,15.5,0,0,0,191.5,0,0,22,0,0,0,0,0,0,0,0,0,0,0,0,34.5,8.2,8.2,0,1,0,0,0,0,0,"16683",".",35697,448468,389607,2020,211.99,9,1,1850764,101405,636763,445640,232883,189961,50394,5.53,3337551,3108751,697948,25803,511419,389449,391.02,944261,-72105,620,145794,369715,37476,10209,6450,114923,4,2,200.9,19639.23,"UKM9",385,385,0,36870,0,0,0,0,0,826,0,0,0,0,0,0,0,0,0,0,0,4.6,2.3,18.6,0,14128,"NNKG",2019,"Dairy",217.2,"0.00","0.00","0.00","0.00",0,0,0,"0.00",0,"0.00","0.00",0,"0.00",0,0,1433.38,61.34,0,0,"0.00",12127.41,0.54,13741.66,25548,0,"6,063.27",0,"577.80",0,"106.25",0,"1,461.60","0.00","39,397.62","122.95",0,"0.00","0.00","1,567.40","727.20",450.4,0,"0.00","1,303.20","0.00",0,0,0,88.51,0,0,0,0,"0.00",0.23,0,0,0,0,77414.43,0.1775,293.15,200.9,4.6,"Total_N_kg",1,"",146414,0.995765432267406,0.00423456773259388,432842,43393,107272,0.1347353623691,0.541607669913297,0.458392330086703,0.41243787469778,533.957192633151,2545.63962170234,2154.51468392235,215.993031358885,345.903434544549,0.736535215589995,1.43354902936784,27.0491028175018,3474.10652065704,128.437033349925,89.59375,0,0.00255741394302082,1.94634146341463,0,0.114982578397213,0.87356893977103,0.0228969636635142,13892.518666003,0,945.514295943942,0.391538991867715,0.0225033121139177,105.769039323046,0.925350088587795,1.08067207463732,3945521,19639.2284718766,0.045886462142769,0.347120697114526,0.473950081624201,0.133042759118504,19639.2284718766,901.174713787954,6817.18267794923,9308.01393728223,2612.85714285714,1.4136549997904,0.00703661025281433,0.000322885149979185,0.00244255305628013,0.00333500200367904,0.000936170042875974,181046,0.0648676266308182,0.045886462142769,0.347120697114526,0.473950081624201,0.133042759118504,2394903,11920.8710801394,18631.0004977601,1008.23295171727,0.051337706731253,0.0847380410022779,0.0847380410022779,1.94634146341463,0.0421080139372822,0.915261958997722,17.75,0.0883524141363863,145.918367346939,6840.04977600796,38533.81284221,12716.7745146839,0.88252874834627,0.00446379840572391,0.104309086384032,0,"Dairy",0.173636210319302,0.479965977993504,3,"3"
"27",137902020,13790,"Average",2,0,"Dairy","4 - Specialist grazing livestock","45 - Specialist dairying","450 - Specialist dairying",".","0",45410,45158,9763,0,0,100331,105435,32850,375347,24986,0,0,0,1541,0,540159,640490,717051,144166,861217,0,86532,0,205398,948839,1240769,2742476,0,2742476,2.33,12431,23440,1175103,4.3074,284721.17,408039,383505,24534,293346,114694,94698,0,0,41692,15979,0,51856,23996,40123,22775,1.39098,1.30735,117,0,0,0,0,0,117,0,0,127,194.5,4155,377058,2292,14.5,0,127,43,0,0,0,116,0,0,21,0,0,0,0,0,0,0,0,0,0,0,2,0,0,0,0,0,0,0,0,0,0,".",".",18206,136390,138750,2020,99.5,8,1,1427407,143220,239090,243665,106388,57699,10777,2.26,1703776,1672347,284873,10741,154596,207232,218.46,408039,134991,3607,94940,94698,19266,4595,0,0,1,2,117,23439.97,"UKM7",385,385,0,24149,0,0,0,0,0,0,0,0,0,0,0,0,0,0,0,0,0,0,0,0,0,6300,"NNKG",2019,"Dairy",117,"0.00","0.00","0.00","0.00",0,0,0,"0.00",0,"0.00","0.00",0,"0.00",0,0,956.16,0,0,0,"0.00",5048.18,0,6004.34,14187,0,"0.00",0,"598.86",0,"300.05",0,"421.78","0.00","18,314.86","0.00",0,"0.00","0.00","616.08","0.00",63.06,0,"0.00","702.00","0.00",0,0,0,0,0,0,0,0,"0.00",0.02,0,0,0,0,35203.71,0.1706,249.57,117,0,"Total_N_kg",1,"",98547,0.963398175489868,0.0366018245101322,253443,46211,86197,0.442828387767028,0.37887554866079,0.62112445133921,0.50787302194153,736.726495726496,1321.33333333333,2166.17948717949,394.965811965812,980.290598290598,0.581342122127621,1.08547008547009,26.5220184340378,2434.81196581197,91.8034188034188,84.5748031496063,0,0,1.86717948717949,0,0,1,0,10043.6153846154,0,433.479813238121,0.232080756986465,0.039160472405824,136.57264957265,0.718916574151,1.39098198032358,2742476,23439.9658119658,0.0365840940814067,0.196960338030305,0.314029001530004,0.452426566358284,23439.9658119658,857.529914529915,4616.74358974359,7360.82905982906,10604.8632478632,2.33381754620659,0.0199471585145862,0.000729748723754356,0.00392879908377699,0.00626398627169623,0.00902462443535864,100331,0.0853806006792596,0.0365840940814067,0.196960338030305,0.314029001530004,0.452426566358284,2101986,17965.6923076923,23439.9658119658,0,0,0,0,1.86717948717949,0.0368153846153846,1,17.06,0.145811965811966,213.307692307692,5131.91452991453,30088.641025641,12125.641025641,0.840755187081345,0,0.159244812918655,0,"Dairy",0.883739234349717,-0.540573677173624,3,"3"
"28",137962020,13796,"Average",1,5,"Dairy","4 - Specialist grazing livestock","45 - Specialist dairying","450 - Specialist dairying","31/12/2019","2784673",85285,51920,11079,0,0,148284,221594,34067,522889,34091,91,0,0,4465,0,817195,965479,1185731,340578,1526309,0,177823,0,323136,27187,528146,3019934,0,3019934,1.06,8196,14449,2826731,7.7053,536514.53,698766,658215,40551,623214,73560,200467,32166,226.8,77696,36965,45989,87776,47878,76920,29439,1.11489,1.05155,209,32.5,0,0,0,12.6,163.9,0,0,235.5,277.6,44839,602767,10609,16,4,235.5,36,0,0,0,175.5,0,0,46.1,0,0,0,0,0,0,0,0,0,0,0,0,0,0,0,0,0,0,0,0,0,0,"15096",".",57049,278163,288002,2020,194.37,9,1,958617,112853,544375,505403,212399,214393,5755,4,1164196,1151886,488248,16867,335212,314040,366.65,698668,110494,3700,108965,200467,32988,31470,27500,45937,2,4,209,14449.44,"UKM9",0,0,0,40551,0,0,0,0,0,0,0,0,0,0,0,0,0,0,0,0,0,0,0,0,0,10384,"NNKG",2019,"Dairy",209,"1,958.40","2,529.28","0.00","0.00",0,0,0,"0.00",0,"0.00","0.00",0,"0.00",0,0,1269.84,0,0,0,"0.00",7927.44,0,21853.79,29154,0,"0.00",0,"750.60",0,"0.00",0,"187.92","0.00","22,871.90","434.28",0,"0.00","0.00","0.00","0.00",0,0,"0.00","1,254.00","67.96",60.84,0,0,48.28,0,0,0,0,"0.00",0.2,0,0,0,0,54829.98,0.3986,157.78,209,0,"Total_N_kg",1,"",112665,0.967159277504105,0.0328407224958949,363456,49416,72045,0.15285831352391,0.479787252314404,0.520212747685596,0.449483875030773,344.712918660287,1603.88516746411,1739.02392344498,236.44019138756,351.961722488038,0.642301922814673,1.12679425837321,28.9469378075532,2336.11483253588,80.7033492822967,71.6220806794055,0,0,1.75430622009569,0.155502392344498,0.0602870813397129,0.784210526315789,0,13525.028708134,0.160455336788599,546.753034228829,0.286927410443873,0.0529078188782082,176.866028708134,0.892003068696434,1.12107237642287,3019934,14449.4449760766,0.0491017353359378,0.270600284641982,0.505411376540017,0.174886603482063,14449.4449760766,709.492822966507,3910.02392344498,7302.91387559809,2527.01435406699,1.06834856234994,0.00511171560932984,0.000250994106961896,0.00138323169889352,0.00258351922259249,0.000893970580881939,148284,0.0524577683550363,0.0491017353359378,0.270600284641982,0.505411376540017,0.174886603482063,2054455,9829.92822966507,14449.4449760766,0,0,0,0,1.75430622009569,0.0368674641148325,1,39.86,0.190717703349282,75.4928229665072,10456.3588516746,26234.4401913876,13949.2822966507,0.362748978552462,0,0.0581061683122241,0,"Dairy",-0.795986424625572,0.38252573399085,3,"3"
"29",138032020,13803,"Average",2,0,"Dairy","4 - Specialist grazing livestock","45 - Specialist dairying","450 - Specialist dairying",".","0",66901,29440,6081,0,0,102423,215824,17360,607446,34542,0,0,0,4537,0,879709,982131,1162027,232357,1394385,0,174800,0,390983,10067,575851,2952367,32670,2919697,1.81,7969,22833,1625118,6.6216,448855.16,574243,544340,29903,513169,70014,205309,0,0,52281,31035,49444,51723,50397,48335,18522,1.13626,1.07807,130,0,0,0,0,0,129,0,0,187.5,345,6600,514809,22931,67.5,5,187.5,86,0,0,0,150.5,0,0,36,0,0,0,0,0,0,0,0,0,0,0,0,0,0,0,0,0,0,0,0,0,0,".",".",37158,257590,218421,2020,151.25,9,1,3261974,99413,518515,541467,227618,242981,85,3.78,3346225,3366548,437556,14464,294748,257486,366.19,573915,157209,0,151048,205309,23556,3408,0,49392,1,1,129.3,22833.46,"UKM9",0,0,0,29903,0,0,0,0,0,0,0,0,0,0,0,0,0,0,0,0,0,1,0.3,0,3,8732,"NNKG",2019,"Dairy",132,"0.00","0.00","0.00","0.00",0,0,0,"0.00",0,"0.00","0.00",0,"0.00",0,0,1551.41,0,0,0,"0.00",6797.85,0,8349.26,29325,0,"0.00",0,"804.60",0,"714.00",0,"0.00","0.00","24,891.30","0.00",0,"0.00","0.00","0.00","0.00",422.25,0,"0.00","792.00","0.00",0,0,0,0,0,0,0,0,"0.00",0.09,0,0,0,0,56949.24,0.1466,368.18,129.3,1,"Total_N_kg",1,"",151048,1,0,279167,21681,35490,0.129902305072388,0.51357430978455,0.48642569021545,0.448648319001943,274.477958236659,2279.56689868523,2159.06419180201,167.679814385151,541.484918793503,0.512029274420383,1.45011600928074,30.2513827433628,3384.03712296984,111.863882443929,77.1413333333333,0,0,2.83209590100541,0,0,0.997679814385151,0.00773395204949729,12568.5846867749,0,560.66249761053,0.357734159239609,0.0540759520138,240.023201856148,0.894155057804727,1.11837425877245,2952368,22833.4725444702,0.0346918134866656,0.297967258824103,0.472293765546842,0.195047162142389,22833.4725444702,792.134570765661,6803.62722351121,10784.1067285383,4453.60402165507,1.8167099250639,0.01405034744829,0.000487432033098926,0.00418654351469322,0.00663589150359437,0.00274048039690353,102422,0.063024346539759,0.0346918134866656,0.297967258824103,0.472293765546842,0.195047162142389,1970236,15237.7107501933,22580.7965970611,252.668213457077,0.0110656937075595,0.0226757369614512,0,2.83209590100541,0.0512111368909513,0.977324263038549,14.66,0.11337973704563,284.748646558391,6457.27764887858,44044.2691415313,22679.8143851508,0.814185927854684,0,0.185814072145316,0,"Dairy",0.770426299314698,0.128923868632334,3,"3"
"30",138052020,13805,"Average",2,0,"Dairy","4 - Specialist grazing livestock","45 - Specialist dairying","450 - Specialist dairying",".","0",108125,58347,12498,0,0,178969,166676,93683,842407,21535,47,0,0,3570,0,1127919,1306888,1098193,239648,1337841,0,126038,0,304280,21937,452256,3096986,0,3096986,1.55,9072,18434,1990618,6.8453,480631.16,685788,653334,32454,640119,45669,241909,13500,90,74033,30814,17172,78203,67344,65793,39700,1.07134,1.02064,168,16.8,0,0,0,13.6,137.6,0,0,211.5,254.5,28532,601443,23359,16.5,2,211.5,59,0,0,0,135,0,0,42,0,0,0,0,0,0,0,0,0,0,0,0,0,0,0,0,0,0,0,0,0,0,".",".",55965,315942,268212,2020,169.56,9,1,552214,74187,424834,387687,295416,302354,13996,3.05,1029356,1063841,496040,17938,375043,323691,338.42,685788,97851,2736,77297,241909,36827,22455,17125,12469,2,2,168,18434.44,"UKM9",0,0,0,32454,0,0,0,0,0,0,0,0,0,0,0,0,0,0,0,0,0,0,0,0,0,9764,"NNKG",2019,"Dairy",168,"0.00","2,912.00","0.00","0.00",0,0,0,"0.00",0,"0.00","0.00",0,"0.00",0,0,958.54,0,0,0,"0.00",8431.05,0,12981.59,20664,0,"0.00",0,"388.80",0,"850.00",0,"0.00","0.00","35,646.80","0.00",0,"0.00","0.00","0.00","144.00",450.4,0,"0.00","1,008.00","0.00",78.62,0,0,52.11,0,0,0,0,"0.00",0.35,0,0,0,0,59283.08,0.219,275.6,168,0,"Total_N_kg",1,"",80033,0.965814101683056,0.0341858983169443,310745,-12946,26277,0.105208074078329,0.546878918849557,0.453121081150443,0.471998635146722,156.410714285714,2232.39880952381,1849.67261904762,-77.0595238095238,271.839285714286,0.62496306364872,1.25892857142857,27.6530270933214,2952.61904761905,106.77380952381,84.8132387706856,0,0,2.01440476190476,0.1,0.080952380952381,0.819047619047619,0,11848.9166666667,0.0558061089087219,714.818864133325,0.352746038134234,0.0449322531161234,183.416666666667,0.933406533797617,1.07134454687332,3096985,18434.4345238095,0.0577881391094887,0.364199051658306,0.431981749992331,0.146031059239874,18434.4345238095,1065.29166666667,6713.80357142857,7963.33928571429,2692,1.5557907142405,0.00926065901333632,0.00053515625130822,0.00337272323038804,0.00400043568666328,0.00135234384497679,178970,0.0899067525763356,0.0577881391094887,0.364199051658306,0.431981749992331,0.146031059239874,1790097,10655.3392857143,18434.4404761905,0,0,0,0,2.01440476190476,0.0407458333333333,1,21.9,0.130357142857143,164.047619047619,7727.1369047619,35287.5476190476,12300,0.649462045866492,0,0.0738384127059936,0,"Dairy",-0.0514590144498607,-0.0618966585104852,3,"3"
"31",138092020,13809,"Average",2,0,"Dairy","4 - Specialist grazing livestock","45 - Specialist dairying","450 - Specialist dairying",".","0",43399,32536,4462,0,0,80397,130972,0,220812,0,42,0,0,2664,0,354489,434887,442826,117816,560642,0,102141,0,126343,12907,241391,1236920,0,1236920,1.46,9538,16991,844197,2.6605,189223.73,226074,210808,15265,250919,-24845,81258,11932,76.4,26101,19042,790,54327,15740,25126,22618,0.90098,0.84014,72.8,15,0,0,0,0,57.8,0,0,82,89.5,19508,187629,3671,0.5,0.5,82,25,0,0,0,43.5,0,0,20,0,0,0,0,0,0,0,0,0,0,0,0,0,0,0,0,0,0,0,0,0,0,".",".",24959,107359,118601,2020,68.29,8,1,942486,-7665,158054,165297,78122,72268,1710,1,1081529,1083726,167666,6649,133108,152782,128.44,226074,13645,13167,20421,81258,13202,1254,0,790,1,2,72.8,16990.66,"UKM9",0,0,0,15265,0,0,0,0,0,0,0,0,0,0,0,0,0,0,0,0,0,0,0,0,0,3350,"NNKG",2019,"Dairy",72.8,"1,985.60","0.00","0.00","0.00",0,0,0,"0.00",0,"0.00","0.00",0,"0.00",0,0,311.61,0,0,0,"0.00",3125.08,0,5557.54,16746,0,"0.00",0,"0.00",0,"0.00",0,"0.00","0.00","9,400.09","34.97",0,"0.00","0.00","0.00","417.60",0,0,"0.00","436.80","52.28",0,0,0,0,0,0,0,0,"0.00",0,0,0,0,0,27087.74,0.2052,295.74,72.8,0,"Total_N_kg",1,"",33588,0.607984994640943,0.392015005359057,92966,-59816,-35165,-0.0323594537943729,0.588780664738095,0.411219335261905,0.675805267301857,-483.035714285714,1828.40659340659,1277.00549450549,-821.648351648352,-341.277472527473,0.638430395515416,1.12637362637363,25.2167243194465,2303.1043956044,91.3324175824176,81.0853658536585,0,0,1.76428571428571,0.206043956043956,0,0.793956043956044,0,11596.1126373626,0.146840926431859,632.653379009654,0.359430982775551,0.0842290577421552,261.565934065934,1.10989764413422,0.900983982878937,1236919,16990.6456043956,0.0649977888608713,0.286590310279008,0.453256842202278,0.195155058657843,16990.6456043956,1104.3543956044,4869.3543956044,7701.12637362637,3315.81043956044,1.46520184269785,0.0201263989381573,0.00130817142871201,0.0057680309164856,0.00912242802761248,0.00392776856534724,80397,0.0952348800102346,0.0649977888608713,0.286590310279008,0.453256842202278,0.195155058657843,802033,11016.9368131868,16990.6593406593,0,0,0,0,1.76428571428571,0.0365453296703297,1,20.52,0.281868131868132,406.236263736264,7633.98351648352,37208.4340659341,23002.7472527473,0.562313541602939,0,0.0560697718774854,0,"Dairy",-0.321206378184644,-0.128927840649669,3,"3"
"32",138132020,13813,"Average",2,0,"Dairy","4 - Specialist grazing livestock","45 - Specialist dairying","450 - Specialist dairying",".","0",14668,7379,10725,0,0,32771,79557,36512,172434,1021,16,0,0,1390,0,290930,323701,391133,88587,479720,0,60878,0,114180,7102,182161,985582,3267,982315,2.38,6294,9846,413607,3.2021,195809.92,173941,145583,28358,149445,31592,47999,4240,30.5,20352,15037,5855,23802,12771,13152,8906,1.19332,1.01979,100.94,5.7,0,0,0,0,94,122.5,0,74,125.4,4590,139845,1148,24.7,1.5,74,18.5,10,0,0,64,0,0,6.7,0,0,0,0,0,0,0,0,0,0,0,0,0,0,0,0,0,32.5,121.2,15,7,122.5,".","17268",16608,68351,64486,2020,64.71,8,1,1429923,28364,188843,184868,57518,68920,0,2,1441394,1468005,83455,3810,90814,140253,158.12,173803,37022,0,60477,47999,6726,1720,0,5855,1,1,100.1,9845.97,"UKM6",5946,5946,0,21311,0,0,1101,0,0,0,0,0,0,0,0,0,0,0,0,0,0,1.24,0.4,0,0.3,5250,"NNKG",2019,"Dairy",100,"510.00","0.00","0.00","0.00",0,0,0,"0.00",0,"0.00","0.00",0,"0.00",0,0,435.62,80.05,0,0,"0.00",1790.61,0,2816.28,10011,0,"0.00",276,"24.84",320,"0.00",0,"0.00","0.00","6,585.00","0.00",0,"0.00","0.00","0.00","0.00",0,0,"0.00","300.00","19.86",0,0,0,0,0,0,0,0,"0.00",0,0,0,0,0,17536.7,0.1606,147.2,100.1,1.24,"Total_N_kg",1,"",60477,1,0,82989,-57264,-25781,0.113422200184345,0.522511118910491,0.477488881089509,0.80696535732985,-257.552447552448,907.232767232767,829.060939060939,-572.067932067932,315.604395604396,0.467998988110296,0.739260739260739,21.9041994750656,833.716283716284,38.0619380619381,51.4864864864865,0,0.774728054642044,1.57962037962038,0.056943056943057,0,0.939060939060939,0.0123876123876124,4131.93806193806,0.088335173649451,303.560586896028,0.276168995932176,0.0865174939442933,150.21978021978,0.85985282187304,1.16298972866272,985582,9845.97402597403,0.0332504043296245,0.295185991627282,0.486737785389749,0.184825818653344,9845.97402597403,327.382617382617,2906.39360639361,4792.40759240759,1819.79020979021,2.38289487363608,0.0238051435927681,0.000791530649584309,0.00702694491726109,0.0115868628732289,0.00439980515269376,32772,0.0792346357774409,0.0332504043296245,0.295185991627282,0.486737785389749,0.184825818653344,661881,6612.1978021978,9813.33666333666,32.6373626373626,0.00331479268087282,0.00298804780876494,0,1.57962037962038,0.031989010989011,0.997011952191235,16.06,0.16043956043956,147.052947052947,2813.46653346653,17519.1808191808,10000.999000999,0.635806808982061,0.0284240203388868,0.154679222236425,0,"Dairy",-1.65606654861204,-2.10805945046367,2,"2"
"33",138202020,13820,"Average",2,0,"Dairy","4 - Specialist grazing livestock","45 - Specialist dairying","450 - Specialist dairying",".","0",75238,44198,11326,0,0,130761,138578,52317,1014735,0,0,0,0,1790,0,1207419,1338181,702328,233931,936260,0,106959,0,140090,16557,263606,2538047,0,2538047,1.19,12620,19228,2122948,4.4868,357292.59,513269,486636,26633,481709,32827,204161,0,0,41268,21623,434,64653,51828,63959,31587,1.06565,1.01239,132,0,0,0,0,0,132,0,0,175.5,45.6,10252,452882,23502,32.1,0,175.5,0.5,0,0,0,13,0,0,0,0,0,0,0,0,0,0,0,0,0,0,0,0,0,0,0,0,0,0,0,0,0,"19611",".",23819,245429,212461,2020,121.89,9,1,1501392,74984,230530,230924,226472,190559,17811,2,2280351,2233255,473844,19602,269682,261512,201.08,513269,91242,9652,53933,204161,24370,4609,0,434,1,2,132,19227.63,"UKM9",0,0,0,26633,0,0,0,0,0,0,0,0,0,0,0,0,0,0,0,0,0,0,0,0,0,6000,"NNKG",2019,"Dairy",132,"0.00","0.00","0.00","0.00",0,0,0,"0.00",0,"0.00","0.00",0,"0.00",0,0,971.26,0,0,0,"0.00",9212.75,0,11246.51,17536,0,"0.00",0,"0.00",0,"0.00",0,"15,607.80","0.00","20,448.62","0.00",0,"0.00","0.00","1,819.00","0.00",67.56,0,"0.00","792.00","0.00",0,0,0,0,0,0,0,0,"0.00",0,0,0,0,0,56270.98,0.1999,341.09,132,0,"Total_N_kg",1,"",63585,0.848203192576866,0.151796807423134,243587,-17925,33229,0.170712078180049,0.525420393594782,0.474579606405218,0.509502814313742,251.734848484848,2043.04545454545,1845.35606060606,-135.795454545455,248.689393939394,0.872786950467476,1.32954545454545,24.1732476277931,3589.72727272727,148.5,111.692307692308,0,0,1.52333333333333,0,0,1,0,16082.9393939394,0,1015.3222597971,0.397766083671525,0.0421280069515205,163.810606060606,0.938511774527587,1.06551673313141,2538046,19227.6212121212,0.0515203428149056,0.475727784287598,0.368890083158461,0.103861789739035,19227.6212121212,990.613636363636,9147.11363636364,7092.87878787879,1997.01515151515,1.1955290473436,0.00905703823745151,0.000466621714881211,0.00430868473291086,0.00334105158858285,0.000940680201076593,130762,0.0615945374074165,0.0515203428149056,0.475727784287598,0.368890083158461,0.103861789739035,1199866,9089.89393939394,19227.6287878788,0,0,0,0,1.52333333333333,0.0339909090909091,1,19.99,0.151439393939394,258.401515151515,8520.08333333333,42629.5303030303,13284.8484848485,0.819165234370485,0,0.0863610133276901,0,"Dairy",0.0967344058241047,1.06075771291942,1,"1"
"34",138212020,13821,"Average",2,0,"Dairy","4 - Specialist grazing livestock","45 - Specialist dairying","450 - Specialist dairying",".","0",55695,37707,10878,0,0,104280,0,0,263534,0,0,0,0,1351,0,264886,369166,611925,170994,782919,0,0,0,172937,12435,185372,1337457,0,1337457,1.22,6901,11451,1095246,4.1432,299047.38,414375,388831,25544,383676,31191,160680,0,0,43713,0,12327,45770,38911,19781,60336,1.07888,1.01428,116.8,0,0,0,0,0,116.8,0,0,146.5,98.4,1148,378137,9546,0.5,0,146.5,25,0.3,0,0.3,60,0,0,12.3,0,0,0,0,0,0,0,0,0,0,0,0,0,0,0,0,0,0,0,0,0,0,"12264",".",2158,204393,177125,2020,105.42,9,2,937762,45298,248281,232163,184733,197209,31495,1.27,1758442,1802418,338225,10542,218878,178051,192.51,414375,65070,0,30312,160680,21402,1312,0,12327,1,1,116.8,11450.83,"UKM9",0,0,0,25544,0,0,0,0,0,0,0,0,0,0,0,0,0,0,0,0,0,0,0,0,0,4020,NA,NA,NA,NA,NA,NA,NA,NA,NA,NA,NA,NA,NA,NA,NA,NA,NA,NA,NA,NA,NA,NA,NA,NA,NA,NA,NA,NA,NA,NA,NA,NA,NA,NA,NA,NA,NA,NA,NA,NA,NA,NA,NA,NA,NA,NA,NA,NA,NA,NA,NA,NA,NA,NA,NA,NA,NA,NA,NA,NA,NA,NA,NA,NA,NA,NA,NA,NA,NA,NA,NA,30312,1,0,195497,17446,51020,0.105052725809556,0.528212368024133,0.471787631975867,0.429685671191554,436.815068493151,1873.95547945205,1673.77568493151,149.366438356164,267.046232876712,0.760999428601112,1.25428082191781,32.0835704799848,2895.76198630137,90.2568493150685,71.9590443686007,0,0,1.64820205479452,0,0,1,NA,9377.10616438356,0,834.657939847281,0.387764705882353,0,0,0.925914932126697,1.08001282331968,1337457,11450.8304794521,0.0779688618026598,0.198051974755076,0.58537881965551,0.138600343786754,11450.8304794521,892.808219178082,2267.8595890411,6703.07363013699,1587.08904109589,1.22114757780444,0.0104550306318873,0.000815166838480197,0.0020706394627701,0.0061201534907564,0.00144907083988062,104280,0.0952114867344871,0.0779688618026598,0.198051974755076,0.58537881965551,0.138600343786754,968291,8290.16267123288,11450.8304794521,0,0,0,0,1.64820205479452,0.035472602739726,1,NA,NA,NA,NA,NA,NA,NA,NA,NA,NA,"Dairy",-1.35622646002473,-0.717299107784048,2,"2"
"35",138292020,13829,"Average",2,0,"Dairy","4 - Specialist grazing livestock","45 - Specialist dairying","450 - Specialist dairying",".","0",50991,42898,797,0,0,94686,16599,136875,435985,3330,0,0,0,3071,0,595860,690546,436856,131609,568464,0,12443,0,110324,6869,129636,1388646,0,1388646,1.32,7340,16551,1044447,3.37,241653.92,239819,239819,0,331559,-86882,115907,0,0,22608,12320,20346,29120,51636,5352,67536,0.74273,0.74273,83.9,0,0,0,0,0,83.9,0,0,106.5,131.4,4108,226115,9596,0,2,106.5,25.5,0,0,0,39.8,0,0,64.1,0,0,0,0,0,0,0,0,0,0,0,0,0,0,0,0,0,0,0,0,0,0,".",".",19054,138515,173990,2020,80.25,8,1,-33117,-88671,260075,205550,295118,15000,62128,2.31,1876909,1550384,234009,6907,158913,180038,187.91,239819,-89109,8358,17456,115907,19081,0,0,15826,1,2,83.9,16551.2,"UKM9",0,0,0,0,0,0,0,0,0,0,0,0,0,0,0,0,0,0,0,0,0,0,0,0,0,6000,"NNKG",2019,"Dairy",83.9,"0.00","0.00","0.00","0.00",0,0,0,"0.00",0,"0.00","0.00",0,"0.00",0,0,125.3,0,0,0,"0.00",3246.43,0,4782.73,2040,0,"0.00",0,"81.00",0,"0.00",0,"0.00","0.00","19,049.09","0.00",0,"0.00","0.00","0.00","0.00",0,0,"0.00","503.40","0.00",0,0,0,0,0,0,0,0,"0.00",0,0,0,0,0,21673.49,0.2207,201.32,83.9,0,"Total_N_kg",1,"",25814,0.676222205005036,0.323777794994964,80906,-99132,-80017,-0.228609217227871,0.662637238917684,0.337362761082316,0.750724504730651,-953.718712753278,1894.07628128725,964.314660309893,-1181.5494636472,-1035.54231227652,0.566760683305838,1.26936829558999,33.8799768350948,2789.14183551847,82.3241954707986,64.8544600938967,0,0,2.23969010727056,0,0,1,0,12448.7127532777,0,616.821882816242,0.48331032987378,0.0513720764409826,146.84147794994,1.38253849778375,0.723307164034154,1388646,16551.2038140644,0.0681858443404583,0.429094240000691,0.409365669868347,0.0933542457905038,16551.2038140644,1128.55780691299,7102.02622169249,6775.49463647199,1545.12514898689,1.32955142769332,0.0158468584945568,0.00108053142659512,0.00679979570212035,0.00648715984293314,0.00147937152290819,94686,0.0906565866913304,0.0681858443404583,0.429094240000691,0.409365669868347,0.0933542457905038,698100,8320.61978545888,16551.2038140644,0,0,0,0,2.23969010727056,0.0401668653158522,1,22.07,0.263051251489869,239.952324195471,5700.51251489869,25832.52681764,2431.46603098927,0.67878178362567,0,0.0261984264217298,0,"Dairy",-0.40330859053911,0.0971397335861095,3,"3"
"36",138302020,13830,"Average",2,0,"Dairy","4 - Specialist grazing livestock","45 - Specialist dairying","450 - Specialist dairying",".","0",57315,43864,0,0,0,101179,106151,17642,530734,5550,0,0,0,1732,0,661808,762987,513049,161027,674077,0,79579,0,113898,7689,201166,1638230,0,1638230,1.47,10487,27663,1110731,3.1389,231561.2,301780,288839,12941,337544,-26404,143229,0,0,23411,18973,9406,73708,10807,24448,30651,0.92372,0.88634,59.22,0,0,0,0,0,59.22,0,0,115,69.9,3255,283164,2420,1,2,115,22,0.4,0,0,23.8,0,0,20.7,0,0,0,0,0,0,0,0,0,0,0,0,0,0,0,0,0,0,0,0,0,0,"11977",".",21884,166640,149020,2020,81.99,8,1,1138403,-15513,168350,171000,59695,69595,3231,4.52,1209867,1239353,259196,10734,188524,188550,155.08,301780,7350,3255,36338,143229,19550,0,0,0,1,2,59.22,27663.46,"UKM9",0,0,0,12941,0,0,0,0,0,0,0,0,0,0,0,0,0,0,0,0,0,0,0,0,0,8600,"NNKG",2019,"Dairy",59.22,"0.00","0.00","0.00","0.00",0,0,0,"0.00",0,"0.00","0.00",0,"0.00",0,0,722.22,0,0,0,"0.00",5044.79,0,5979.51,13047,0,"0.00",0,"135.00",0,"0.00",0,"0.00","0.00","23,091.40","0.00",0,"0.00","0.00","0.00","0.00",0,0,"0.00","355.32","0.00",0,0,0,0,0,0,0,0,"0.00",0,0,0,0,0,36628.72,0.1632,517.55,59.22,0,"Total_N_kg",1,"",39593,0.917788497966812,0.0822115020331877,113256,-75294,-147882,-0.0662043359508365,0.624706740009278,0.375293259990722,0.624792895486778,-2497.16312056738,3183.45153664303,1912.46200607903,-1271.42857142857,-445.862884160756,0.741552746969306,1.9419115163796,24.1471958263462,4376.83215130024,181.256332320162,93.3391304347826,0,0,2.61870989530564,0,0,1,0,18756.0114826072,0,923.581377353624,0.474613957187355,0.0628703028696401,320.381627828436,1.11851017297369,0.89404640580191,1638230,27663.4582911179,0.0617611690666146,0.403977463481929,0.411466643877844,0.122794723573613,27663.4582911179,1708.52752448497,11175.4137115839,11382.590341101,3396.92671394799,1.47491156724716,0.0249056326789455,0.00153820099059536,0.0100613143160531,0.0102478370920601,0.00305828028023706,101179,0.091092262663057,0.0617611690666146,0.403977463481929,0.411466643877844,0.122794723573613,875243,14779.517055049,27663.4582911179,0,0,0,0,2.61870989530564,0.0530040526849037,1,16.32,0.275582573454914,873.944613306315,10097.1124620061,61851.9419115164,22031.4083080041,0.84367949882181,0,0.120782472142366,0,"Dairy",1.67282685421275,1.76952482608586,1,"1"
